<?xml version="1.0"?>
<gpx xmlns="http://www.topografix.com/GPX/1/1" xmlns:xsi="http://www.w3.org/2001/XMLSchema-instance" version="1.1" creator="AllTrails.com" xsi:schemaLocation="http://www.topografix.com/GPX/1/1 http://www.topografix.com/GPX/1/1/gpx.xsd">
  <metadata>
    <name><![CDATA[Bukit Wawasan Outer Loop [PRIVATE PROPERTY]]]></name>
    <desc><![CDATA[]]></desc>
    <link href="http://www.alltrails.com">
      <text>AllTrails, LLC</text>
    </link>
    <bounds minlat="3.01274" minlon="101.6298" maxlat="3.02984" maxlon="101.64684"/>
  </metadata>
  <wpt lat="3.02699" lon="101.64">
    <name><![CDATA[Air Terjun]]></name>
    <desc><![CDATA[]]></desc>
  </wpt>
  <trk>
    <name><![CDATA[Bukit Wawasan Outer Loop [PRIVATE PROPERTY]]]></name>
    <src>AllTrails</src>
    <trkseg>
      <trkpt lat="3.02474" lon="101.6298">
        <ele>56.71</ele>
      </trkpt>
      <trkpt lat="3.02471" lon="101.62996">
        <ele>56.01</ele>
      </trkpt>
      <trkpt lat="3.02471" lon="101.63013">
        <ele>58.17</ele>
      </trkpt>
      <trkpt lat="3.02466" lon="101.63031">
        <ele>60.44</ele>
      </trkpt>
      <trkpt lat="3.02463" lon="101.63037">
        <ele>60.89</ele>
      </trkpt>
      <trkpt lat="3.02459" lon="101.63042">
        <ele>60.31</ele>
      </trkpt>
      <trkpt lat="3.02453" lon="101.63045">
        <ele>58.14</ele>
      </trkpt>
      <trkpt lat="3.02446" lon="101.63052">
        <ele>54.95</ele>
      </trkpt>
      <trkpt lat="3.02445" lon="101.6306">
        <ele>57.0</ele>
      </trkpt>
      <trkpt lat="3.02445" lon="101.6306">
        <ele>57.0</ele>
      </trkpt>
      <trkpt lat="3.02444" lon="101.63064">
        <ele>59.18</ele>
      </trkpt>
      <trkpt lat="3.02437" lon="101.63072">
        <ele>63.39</ele>
      </trkpt>
      <trkpt lat="3.0243" lon="101.63079">
        <ele>65.6</ele>
      </trkpt>
      <trkpt lat="3.02426" lon="101.63087">
        <ele>67.54</ele>
      </trkpt>
      <trkpt lat="3.02422" lon="101.63096">
        <ele>69.64</ele>
      </trkpt>
      <trkpt lat="3.02418" lon="101.63102">
        <ele>70.96</ele>
      </trkpt>
      <trkpt lat="3.02408" lon="101.63111">
        <ele>74.27</ele>
      </trkpt>
      <trkpt lat="3.02408" lon="101.63119">
        <ele>76.51</ele>
      </trkpt>
      <trkpt lat="3.02404" lon="101.63119">
        <ele>76.49</ele>
      </trkpt>
      <trkpt lat="3.02404" lon="101.63121">
        <ele>77.01</ele>
      </trkpt>
      <trkpt lat="3.02396" lon="101.63128">
        <ele>78.41</ele>
      </trkpt>
      <trkpt lat="3.02389" lon="101.6313">
        <ele>78.41</ele>
      </trkpt>
      <trkpt lat="3.02385" lon="101.63134">
        <ele>78.89</ele>
      </trkpt>
      <trkpt lat="3.0238" lon="101.63136">
        <ele>78.91</ele>
      </trkpt>
      <trkpt lat="3.02378" lon="101.63136">
        <ele>78.78</ele>
      </trkpt>
      <trkpt lat="3.02376" lon="101.63138">
        <ele>78.94</ele>
      </trkpt>
      <trkpt lat="3.02374" lon="101.6314">
        <ele>79.17</ele>
      </trkpt>
      <trkpt lat="3.02369" lon="101.63141">
        <ele>79.09</ele>
      </trkpt>
      <trkpt lat="3.02365" lon="101.63144">
        <ele>79.65</ele>
      </trkpt>
      <trkpt lat="3.02363" lon="101.63144">
        <ele>79.56</ele>
      </trkpt>
      <trkpt lat="3.0236" lon="101.63145">
        <ele>80.06</ele>
      </trkpt>
      <trkpt lat="3.02358" lon="101.63147">
        <ele>81.17</ele>
      </trkpt>
      <trkpt lat="3.02356" lon="101.63147">
        <ele>81.7</ele>
      </trkpt>
      <trkpt lat="3.02354" lon="101.63149">
        <ele>82.77</ele>
      </trkpt>
      <trkpt lat="3.0235" lon="101.63149">
        <ele>83.82</ele>
      </trkpt>
      <trkpt lat="3.02348" lon="101.6315">
        <ele>84.6</ele>
      </trkpt>
      <trkpt lat="3.02347" lon="101.63149">
        <ele>84.61</ele>
      </trkpt>
      <trkpt lat="3.02346" lon="101.63149">
        <ele>84.87</ele>
      </trkpt>
      <trkpt lat="3.02342" lon="101.63146">
        <ele>85.2</ele>
      </trkpt>
      <trkpt lat="3.02341" lon="101.63144">
        <ele>85.0</ele>
      </trkpt>
      <trkpt lat="3.02338" lon="101.63142">
        <ele>85.37</ele>
      </trkpt>
      <trkpt lat="3.02335" lon="101.63141">
        <ele>85.99</ele>
      </trkpt>
      <trkpt lat="3.02332" lon="101.6314">
        <ele>86.35</ele>
      </trkpt>
      <trkpt lat="3.02325" lon="101.63138">
        <ele>86.5</ele>
      </trkpt>
      <trkpt lat="3.02313" lon="101.63135">
        <ele>87.65</ele>
      </trkpt>
      <trkpt lat="3.02305" lon="101.63132">
        <ele>89.12</ele>
      </trkpt>
      <trkpt lat="3.02298" lon="101.63131">
        <ele>90.77</ele>
      </trkpt>
      <trkpt lat="3.02294" lon="101.63131">
        <ele>91.64</ele>
      </trkpt>
      <trkpt lat="3.02289" lon="101.6313">
        <ele>92.71</ele>
      </trkpt>
      <trkpt lat="3.02288" lon="101.6313">
        <ele>92.92</ele>
      </trkpt>
      <trkpt lat="3.02288" lon="101.6313">
        <ele>92.92</ele>
      </trkpt>
      <trkpt lat="3.02284" lon="101.6313">
        <ele>93.75</ele>
      </trkpt>
      <trkpt lat="3.0228" lon="101.6313">
        <ele>94.58</ele>
      </trkpt>
      <trkpt lat="3.02275" lon="101.63129">
        <ele>95.33</ele>
      </trkpt>
      <trkpt lat="3.02266" lon="101.63126">
        <ele>96.3</ele>
      </trkpt>
      <trkpt lat="3.02263" lon="101.63126">
        <ele>96.74</ele>
      </trkpt>
      <trkpt lat="3.02259" lon="101.63127">
        <ele>97.42</ele>
      </trkpt>
      <trkpt lat="3.02257" lon="101.63129">
        <ele>97.92</ele>
      </trkpt>
      <trkpt lat="3.02255" lon="101.63131">
        <ele>98.43</ele>
      </trkpt>
      <trkpt lat="3.02252" lon="101.63136">
        <ele>99.4</ele>
      </trkpt>
      <trkpt lat="3.02249" lon="101.63139">
        <ele>100.97</ele>
      </trkpt>
      <trkpt lat="3.02249" lon="101.63139">
        <ele>100.97</ele>
      </trkpt>
      <trkpt lat="3.02248" lon="101.6314">
        <ele>102.53</ele>
      </trkpt>
      <trkpt lat="3.02245" lon="101.63142">
        <ele>106.6</ele>
      </trkpt>
      <trkpt lat="3.02243" lon="101.63144">
        <ele>109.8</ele>
      </trkpt>
      <trkpt lat="3.02233" lon="101.63152">
        <ele>124.95</ele>
      </trkpt>
      <trkpt lat="3.02227" lon="101.63161">
        <ele>137.66</ele>
      </trkpt>
      <trkpt lat="3.02225" lon="101.63165">
        <ele>142.8</ele>
      </trkpt>
      <trkpt lat="3.02222" lon="101.63168">
        <ele>147.21</ele>
      </trkpt>
      <trkpt lat="3.0222" lon="101.63171">
        <ele>147.61</ele>
      </trkpt>
      <trkpt lat="3.0222" lon="101.63175">
        <ele>148.47</ele>
      </trkpt>
      <trkpt lat="3.02215" lon="101.63188">
        <ele>152.2</ele>
      </trkpt>
      <trkpt lat="3.02215" lon="101.63192">
        <ele>153.37</ele>
      </trkpt>
      <trkpt lat="3.02215" lon="101.63196">
        <ele>154.52</ele>
      </trkpt>
      <trkpt lat="3.02214" lon="101.63199">
        <ele>155.66</ele>
      </trkpt>
      <trkpt lat="3.02215" lon="101.63208">
        <ele>157.88</ele>
      </trkpt>
      <trkpt lat="3.02216" lon="101.63212">
        <ele>158.64</ele>
      </trkpt>
      <trkpt lat="3.02216" lon="101.63214">
        <ele>159.19</ele>
      </trkpt>
      <trkpt lat="3.02216" lon="101.63216">
        <ele>159.75</ele>
      </trkpt>
      <trkpt lat="3.02216" lon="101.63216">
        <ele>159.75</ele>
      </trkpt>
      <trkpt lat="3.02214" lon="101.63218">
        <ele>161.06</ele>
      </trkpt>
      <trkpt lat="3.0221" lon="101.6322">
        <ele>163.17</ele>
      </trkpt>
      <trkpt lat="3.02204" lon="101.63222">
        <ele>166.14</ele>
      </trkpt>
      <trkpt lat="3.02199" lon="101.63223">
        <ele>168.53</ele>
      </trkpt>
      <trkpt lat="3.02195" lon="101.63224">
        <ele>170.49</ele>
      </trkpt>
      <trkpt lat="3.02189" lon="101.63231">
        <ele>172.51</ele>
      </trkpt>
      <trkpt lat="3.0218" lon="101.63238">
        <ele>173.28</ele>
      </trkpt>
      <trkpt lat="3.02173" lon="101.63247">
        <ele>174.66</ele>
      </trkpt>
      <trkpt lat="3.02171" lon="101.63249">
        <ele>174.79</ele>
      </trkpt>
      <trkpt lat="3.02163" lon="101.63254">
        <ele>172.56</ele>
      </trkpt>
      <trkpt lat="3.02156" lon="101.63259">
        <ele>170.2</ele>
      </trkpt>
      <trkpt lat="3.0215" lon="101.6326">
        <ele>168.07</ele>
      </trkpt>
      <trkpt lat="3.02148" lon="101.63261">
        <ele>167.52</ele>
      </trkpt>
      <trkpt lat="3.02142" lon="101.63263">
        <ele>165.83</ele>
      </trkpt>
      <trkpt lat="3.0214" lon="101.63264">
        <ele>165.41</ele>
      </trkpt>
      <trkpt lat="3.02136" lon="101.63264">
        <ele>164.1</ele>
      </trkpt>
      <trkpt lat="3.02133" lon="101.63265">
        <ele>163.41</ele>
      </trkpt>
      <trkpt lat="3.02129" lon="101.63266">
        <ele>162.4</ele>
      </trkpt>
      <trkpt lat="3.02116" lon="101.63266">
        <ele>158.19</ele>
      </trkpt>
      <trkpt lat="3.02113" lon="101.63265">
        <ele>156.93</ele>
      </trkpt>
      <trkpt lat="3.02103" lon="101.63266">
        <ele>154.45</ele>
      </trkpt>
      <trkpt lat="3.02101" lon="101.63266">
        <ele>153.92</ele>
      </trkpt>
      <trkpt lat="3.02099" lon="101.63266">
        <ele>153.39</ele>
      </trkpt>
      <trkpt lat="3.02094" lon="101.63266">
        <ele>152.05</ele>
      </trkpt>
      <trkpt lat="3.02089" lon="101.63266">
        <ele>150.72</ele>
      </trkpt>
      <trkpt lat="3.02084" lon="101.63266">
        <ele>149.39</ele>
      </trkpt>
      <trkpt lat="3.02082" lon="101.63265">
        <ele>148.77</ele>
      </trkpt>
      <trkpt lat="3.02079" lon="101.63265">
        <ele>149.07</ele>
      </trkpt>
      <trkpt lat="3.02071" lon="101.63261">
        <ele>147.95</ele>
      </trkpt>
      <trkpt lat="3.02063" lon="101.6326">
        <ele>148.57</ele>
      </trkpt>
      <trkpt lat="3.02061" lon="101.63259">
        <ele>148.45</ele>
      </trkpt>
      <trkpt lat="3.02057" lon="101.63258">
        <ele>148.66</ele>
      </trkpt>
      <trkpt lat="3.02055" lon="101.63258">
        <ele>148.83</ele>
      </trkpt>
      <trkpt lat="3.02054" lon="101.63258">
        <ele>148.75</ele>
      </trkpt>
      <trkpt lat="3.02052" lon="101.63258">
        <ele>148.57</ele>
      </trkpt>
      <trkpt lat="3.02048" lon="101.63259">
        <ele>148.67</ele>
      </trkpt>
      <trkpt lat="3.02041" lon="101.63259">
        <ele>148.15</ele>
      </trkpt>
      <trkpt lat="3.02033" lon="101.63263">
        <ele>150.04</ele>
      </trkpt>
      <trkpt lat="3.02028" lon="101.63267">
        <ele>152.62</ele>
      </trkpt>
      <trkpt lat="3.02017" lon="101.63279">
        <ele>155.27</ele>
      </trkpt>
      <trkpt lat="3.02015" lon="101.6328">
        <ele>155.12</ele>
      </trkpt>
      <trkpt lat="3.02013" lon="101.63284">
        <ele>157.78</ele>
      </trkpt>
      <trkpt lat="3.02009" lon="101.63286">
        <ele>157.77</ele>
      </trkpt>
      <trkpt lat="3.02004" lon="101.63291">
        <ele>160.48</ele>
      </trkpt>
      <trkpt lat="3.02" lon="101.63296">
        <ele>164.02</ele>
      </trkpt>
      <trkpt lat="3.01996" lon="101.63299">
        <ele>165.09</ele>
      </trkpt>
      <trkpt lat="3.01993" lon="101.63303">
        <ele>167.46</ele>
      </trkpt>
      <trkpt lat="3.01991" lon="101.63306">
        <ele>169.24</ele>
      </trkpt>
      <trkpt lat="3.01989" lon="101.63309">
        <ele>170.99</ele>
      </trkpt>
      <trkpt lat="3.01987" lon="101.63312">
        <ele>172.76</ele>
      </trkpt>
      <trkpt lat="3.01987" lon="101.63313">
        <ele>173.73</ele>
      </trkpt>
      <trkpt lat="3.01987" lon="101.63313">
        <ele>173.73</ele>
      </trkpt>
      <trkpt lat="3.01986" lon="101.63314">
        <ele>174.15</ele>
      </trkpt>
      <trkpt lat="3.01981" lon="101.63319">
        <ele>176.3</ele>
      </trkpt>
      <trkpt lat="3.01974" lon="101.63327">
        <ele>180.54</ele>
      </trkpt>
      <trkpt lat="3.01971" lon="101.6333">
        <ele>181.37</ele>
      </trkpt>
      <trkpt lat="3.01962" lon="101.6334">
        <ele>181.97</ele>
      </trkpt>
      <trkpt lat="3.01957" lon="101.63349">
        <ele>186.64</ele>
      </trkpt>
      <trkpt lat="3.01953" lon="101.63353">
        <ele>187.3</ele>
      </trkpt>
      <trkpt lat="3.0194" lon="101.63365">
        <ele>189.03</ele>
      </trkpt>
      <trkpt lat="3.0193" lon="101.63371">
        <ele>187.71</ele>
      </trkpt>
      <trkpt lat="3.01925" lon="101.63374">
        <ele>187.39</ele>
      </trkpt>
      <trkpt lat="3.01924" lon="101.63375">
        <ele>187.72</ele>
      </trkpt>
      <trkpt lat="3.01922" lon="101.63376">
        <ele>187.5</ele>
      </trkpt>
      <trkpt lat="3.01921" lon="101.63377">
        <ele>187.87</ele>
      </trkpt>
      <trkpt lat="3.01917" lon="101.63379">
        <ele>187.57</ele>
      </trkpt>
      <trkpt lat="3.01911" lon="101.63383">
        <ele>188.67</ele>
      </trkpt>
      <trkpt lat="3.01906" lon="101.63385">
        <ele>187.77</ele>
      </trkpt>
      <trkpt lat="3.01903" lon="101.63385">
        <ele>186.23</ele>
      </trkpt>
      <trkpt lat="3.01899" lon="101.63386">
        <ele>184.7</ele>
      </trkpt>
      <trkpt lat="3.01895" lon="101.63386">
        <ele>182.55</ele>
      </trkpt>
      <trkpt lat="3.01891" lon="101.63385">
        <ele>180.1</ele>
      </trkpt>
      <trkpt lat="3.01888" lon="101.63385">
        <ele>178.75</ele>
      </trkpt>
      <trkpt lat="3.01886" lon="101.63384">
        <ele>177.92</ele>
      </trkpt>
      <trkpt lat="3.01882" lon="101.63383">
        <ele>176.55</ele>
      </trkpt>
      <trkpt lat="3.01877" lon="101.63382">
        <ele>174.94</ele>
      </trkpt>
      <trkpt lat="3.01867" lon="101.63378">
        <ele>171.71</ele>
      </trkpt>
      <trkpt lat="3.01864" lon="101.63375">
        <ele>170.68</ele>
      </trkpt>
      <trkpt lat="3.01859" lon="101.63374">
        <ele>169.6</ele>
      </trkpt>
      <trkpt lat="3.01856" lon="101.63372">
        <ele>168.85</ele>
      </trkpt>
      <trkpt lat="3.01849" lon="101.6337">
        <ele>167.11</ele>
      </trkpt>
      <trkpt lat="3.01845" lon="101.63369">
        <ele>166.0</ele>
      </trkpt>
      <trkpt lat="3.01842" lon="101.63369">
        <ele>165.33</ele>
      </trkpt>
      <trkpt lat="3.0184" lon="101.63369">
        <ele>164.89</ele>
      </trkpt>
      <trkpt lat="3.01839" lon="101.63369">
        <ele>164.66</ele>
      </trkpt>
      <trkpt lat="3.01832" lon="101.63368">
        <ele>163.18</ele>
      </trkpt>
      <trkpt lat="3.01823" lon="101.63367">
        <ele>164.22</ele>
      </trkpt>
      <trkpt lat="3.01812" lon="101.63367">
        <ele>166.01</ele>
      </trkpt>
      <trkpt lat="3.01806" lon="101.63369">
        <ele>167.36</ele>
      </trkpt>
      <trkpt lat="3.01803" lon="101.6337">
        <ele>168.4</ele>
      </trkpt>
      <trkpt lat="3.01794" lon="101.63371">
        <ele>171.35</ele>
      </trkpt>
      <trkpt lat="3.01789" lon="101.63371">
        <ele>172.89</ele>
      </trkpt>
      <trkpt lat="3.01777" lon="101.6337">
        <ele>176.58</ele>
      </trkpt>
      <trkpt lat="3.01772" lon="101.63369">
        <ele>178.22</ele>
      </trkpt>
      <trkpt lat="3.01768" lon="101.63367">
        <ele>179.45</ele>
      </trkpt>
      <trkpt lat="3.01763" lon="101.63367">
        <ele>181.11</ele>
      </trkpt>
      <trkpt lat="3.01751" lon="101.63367">
        <ele>185.09</ele>
      </trkpt>
      <trkpt lat="3.01751" lon="101.63367">
        <ele>185.09</ele>
      </trkpt>
      <trkpt lat="3.01751" lon="101.63367">
        <ele>185.09</ele>
      </trkpt>
      <trkpt lat="3.01746" lon="101.63368">
        <ele>186.25</ele>
      </trkpt>
      <trkpt lat="3.01741" lon="101.63367">
        <ele>187.16</ele>
      </trkpt>
      <trkpt lat="3.01726" lon="101.63367">
        <ele>190.06</ele>
      </trkpt>
      <trkpt lat="3.01719" lon="101.63367">
        <ele>190.0</ele>
      </trkpt>
      <trkpt lat="3.01706" lon="101.6337">
        <ele>186.78</ele>
      </trkpt>
      <trkpt lat="3.017" lon="101.63369">
        <ele>185.34</ele>
      </trkpt>
      <trkpt lat="3.01692" lon="101.63369">
        <ele>183.84</ele>
      </trkpt>
      <trkpt lat="3.01682" lon="101.63368">
        <ele>183.22</ele>
      </trkpt>
      <trkpt lat="3.01679" lon="101.63367">
        <ele>183.09</ele>
      </trkpt>
      <trkpt lat="3.01673" lon="101.63367">
        <ele>182.74</ele>
      </trkpt>
      <trkpt lat="3.0167" lon="101.63368">
        <ele>182.47</ele>
      </trkpt>
      <trkpt lat="3.01666" lon="101.6337">
        <ele>182.06</ele>
      </trkpt>
      <trkpt lat="3.01664" lon="101.63372">
        <ele>181.9</ele>
      </trkpt>
      <trkpt lat="3.01663" lon="101.63373">
        <ele>181.81</ele>
      </trkpt>
      <trkpt lat="3.01662" lon="101.63373">
        <ele>181.84</ele>
      </trkpt>
      <trkpt lat="3.0166" lon="101.63375">
        <ele>181.62</ele>
      </trkpt>
      <trkpt lat="3.01657" lon="101.63378">
        <ele>181.24</ele>
      </trkpt>
      <trkpt lat="3.01653" lon="101.63383">
        <ele>180.46</ele>
      </trkpt>
      <trkpt lat="3.01646" lon="101.63393">
        <ele>179.95</ele>
      </trkpt>
      <trkpt lat="3.01646" lon="101.63396">
        <ele>180.46</ele>
      </trkpt>
      <trkpt lat="3.01646" lon="101.63398">
        <ele>180.8</ele>
      </trkpt>
      <trkpt lat="3.01646" lon="101.634">
        <ele>181.14</ele>
      </trkpt>
      <trkpt lat="3.01647" lon="101.63403">
        <ele>181.6</ele>
      </trkpt>
      <trkpt lat="3.01647" lon="101.63409">
        <ele>182.58</ele>
      </trkpt>
      <trkpt lat="3.01647" lon="101.63412">
        <ele>183.07</ele>
      </trkpt>
      <trkpt lat="3.01646" lon="101.63414">
        <ele>183.52</ele>
      </trkpt>
      <trkpt lat="3.01645" lon="101.63416">
        <ele>184.0</ele>
      </trkpt>
      <trkpt lat="3.01643" lon="101.63429">
        <ele>182.37</ele>
      </trkpt>
      <trkpt lat="3.0164" lon="101.63433">
        <ele>182.39</ele>
      </trkpt>
      <trkpt lat="3.0164" lon="101.63435">
        <ele>182.09</ele>
      </trkpt>
      <trkpt lat="3.01637" lon="101.63437">
        <ele>182.58</ele>
      </trkpt>
      <trkpt lat="3.01636" lon="101.63439">
        <ele>182.66</ele>
      </trkpt>
      <trkpt lat="3.01633" lon="101.63445">
        <ele>183.36</ele>
      </trkpt>
      <trkpt lat="3.0163" lon="101.6345">
        <ele>184.85</ele>
      </trkpt>
      <trkpt lat="3.0163" lon="101.63451">
        <ele>184.91</ele>
      </trkpt>
      <trkpt lat="3.01629" lon="101.63455">
        <ele>185.57</ele>
      </trkpt>
      <trkpt lat="3.01629" lon="101.63457">
        <ele>185.69</ele>
      </trkpt>
      <trkpt lat="3.01628" lon="101.6346">
        <ele>186.31</ele>
      </trkpt>
      <trkpt lat="3.01626" lon="101.63466">
        <ele>187.6</ele>
      </trkpt>
      <trkpt lat="3.01623" lon="101.63469">
        <ele>189.19</ele>
      </trkpt>
      <trkpt lat="3.01615" lon="101.63473">
        <ele>193.29</ele>
      </trkpt>
      <trkpt lat="3.01613" lon="101.63475">
        <ele>194.51</ele>
      </trkpt>
      <trkpt lat="3.01611" lon="101.63478">
        <ele>195.83</ele>
      </trkpt>
      <trkpt lat="3.0161" lon="101.6348">
        <ele>196.1</ele>
      </trkpt>
      <trkpt lat="3.01608" lon="101.63486">
        <ele>197.04</ele>
      </trkpt>
      <trkpt lat="3.01602" lon="101.63491">
        <ele>198.16</ele>
      </trkpt>
      <trkpt lat="3.01597" lon="101.63498">
        <ele>200.05</ele>
      </trkpt>
      <trkpt lat="3.01597" lon="101.63503">
        <ele>200.42</ele>
      </trkpt>
      <trkpt lat="3.01597" lon="101.63509">
        <ele>200.21</ele>
      </trkpt>
      <trkpt lat="3.01598" lon="101.63516">
        <ele>199.78</ele>
      </trkpt>
      <trkpt lat="3.016" lon="101.63521">
        <ele>199.14</ele>
      </trkpt>
      <trkpt lat="3.01601" lon="101.63524">
        <ele>198.76</ele>
      </trkpt>
      <trkpt lat="3.01601" lon="101.63526">
        <ele>198.65</ele>
      </trkpt>
      <trkpt lat="3.016" lon="101.63528">
        <ele>198.81</ele>
      </trkpt>
      <trkpt lat="3.016" lon="101.63528">
        <ele>198.81</ele>
      </trkpt>
      <trkpt lat="3.016" lon="101.63529">
        <ele>198.84</ele>
      </trkpt>
      <trkpt lat="3.01599" lon="101.63533">
        <ele>199.17</ele>
      </trkpt>
      <trkpt lat="3.01597" lon="101.63539">
        <ele>199.52</ele>
      </trkpt>
      <trkpt lat="3.01597" lon="101.63546">
        <ele>199.5</ele>
      </trkpt>
      <trkpt lat="3.01595" lon="101.6355">
        <ele>199.42</ele>
      </trkpt>
      <trkpt lat="3.01594" lon="101.63554">
        <ele>199.22</ele>
      </trkpt>
      <trkpt lat="3.0159" lon="101.63561">
        <ele>199.11</ele>
      </trkpt>
      <trkpt lat="3.0159" lon="101.63563">
        <ele>199.26</ele>
      </trkpt>
      <trkpt lat="3.01588" lon="101.63565">
        <ele>199.18</ele>
      </trkpt>
      <trkpt lat="3.01587" lon="101.63567">
        <ele>199.22</ele>
      </trkpt>
      <trkpt lat="3.01585" lon="101.63569">
        <ele>199.15</ele>
      </trkpt>
      <trkpt lat="3.01583" lon="101.63573">
        <ele>199.18</ele>
      </trkpt>
      <trkpt lat="3.01582" lon="101.6358">
        <ele>199.43</ele>
      </trkpt>
      <trkpt lat="3.01572" lon="101.63592">
        <ele>198.42</ele>
      </trkpt>
      <trkpt lat="3.01569" lon="101.63594">
        <ele>198.37</ele>
      </trkpt>
      <trkpt lat="3.01567" lon="101.63599">
        <ele>199.2</ele>
      </trkpt>
      <trkpt lat="3.01563" lon="101.63603">
        <ele>200.06</ele>
      </trkpt>
      <trkpt lat="3.01562" lon="101.63605">
        <ele>200.61</ele>
      </trkpt>
      <trkpt lat="3.01561" lon="101.63606">
        <ele>200.93</ele>
      </trkpt>
      <trkpt lat="3.01557" lon="101.63609">
        <ele>202.12</ele>
      </trkpt>
      <trkpt lat="3.01554" lon="101.63613">
        <ele>203.99</ele>
      </trkpt>
      <trkpt lat="3.01548" lon="101.63619">
        <ele>207.52</ele>
      </trkpt>
      <trkpt lat="3.01544" lon="101.63622">
        <ele>209.63</ele>
      </trkpt>
      <trkpt lat="3.01539" lon="101.63627">
        <ele>213.04</ele>
      </trkpt>
      <trkpt lat="3.01532" lon="101.63633">
        <ele>217.73</ele>
      </trkpt>
      <trkpt lat="3.01529" lon="101.63635">
        <ele>219.57</ele>
      </trkpt>
      <trkpt lat="3.01528" lon="101.63636">
        <ele>220.38</ele>
      </trkpt>
      <trkpt lat="3.01523" lon="101.63641">
        <ele>222.45</ele>
      </trkpt>
      <trkpt lat="3.0152" lon="101.6365">
        <ele>223.93</ele>
      </trkpt>
      <trkpt lat="3.01518" lon="101.6366">
        <ele>225.7</ele>
      </trkpt>
      <trkpt lat="3.01519" lon="101.63668">
        <ele>226.47</ele>
      </trkpt>
      <trkpt lat="3.01519" lon="101.63673">
        <ele>226.08</ele>
      </trkpt>
      <trkpt lat="3.01519" lon="101.63676">
        <ele>225.84</ele>
      </trkpt>
      <trkpt lat="3.01519" lon="101.63677">
        <ele>225.76</ele>
      </trkpt>
      <trkpt lat="3.01519" lon="101.63679">
        <ele>225.6</ele>
      </trkpt>
      <trkpt lat="3.01519" lon="101.63679">
        <ele>225.6</ele>
      </trkpt>
      <trkpt lat="3.01519" lon="101.63681">
        <ele>225.44</ele>
      </trkpt>
      <trkpt lat="3.01517" lon="101.63682">
        <ele>225.44</ele>
      </trkpt>
      <trkpt lat="3.01516" lon="101.63682">
        <ele>225.48</ele>
      </trkpt>
      <trkpt lat="3.01514" lon="101.63683">
        <ele>225.44</ele>
      </trkpt>
      <trkpt lat="3.01511" lon="101.63684">
        <ele>225.38</ele>
      </trkpt>
      <trkpt lat="3.01505" lon="101.63687">
        <ele>224.9</ele>
      </trkpt>
      <trkpt lat="3.01502" lon="101.63689">
        <ele>224.42</ele>
      </trkpt>
      <trkpt lat="3.01495" lon="101.63693">
        <ele>222.39</ele>
      </trkpt>
      <trkpt lat="3.01489" lon="101.63695">
        <ele>220.94</ele>
      </trkpt>
      <trkpt lat="3.01486" lon="101.63698">
        <ele>220.1</ele>
      </trkpt>
      <trkpt lat="3.01482" lon="101.637">
        <ele>219.4</ele>
      </trkpt>
      <trkpt lat="3.01479" lon="101.63701">
        <ele>219.0</ele>
      </trkpt>
      <trkpt lat="3.01477" lon="101.63701">
        <ele>218.77</ele>
      </trkpt>
      <trkpt lat="3.01474" lon="101.63703">
        <ele>218.47</ele>
      </trkpt>
      <trkpt lat="3.01472" lon="101.63704">
        <ele>218.38</ele>
      </trkpt>
      <trkpt lat="3.01466" lon="101.63709">
        <ele>219.41</ele>
      </trkpt>
      <trkpt lat="3.01465" lon="101.63711">
        <ele>219.59</ele>
      </trkpt>
      <trkpt lat="3.01453" lon="101.63716">
        <ele>221.16</ele>
      </trkpt>
      <trkpt lat="3.01449" lon="101.63719">
        <ele>221.59</ele>
      </trkpt>
      <trkpt lat="3.01445" lon="101.63721">
        <ele>221.98</ele>
      </trkpt>
      <trkpt lat="3.01441" lon="101.63724">
        <ele>221.88</ele>
      </trkpt>
      <trkpt lat="3.01439" lon="101.63726">
        <ele>221.38</ele>
      </trkpt>
      <trkpt lat="3.01436" lon="101.63728">
        <ele>221.35</ele>
      </trkpt>
      <trkpt lat="3.01432" lon="101.63734">
        <ele>220.21</ele>
      </trkpt>
      <trkpt lat="3.01429" lon="101.63736">
        <ele>220.77</ele>
      </trkpt>
      <trkpt lat="3.01424" lon="101.63737">
        <ele>222.81</ele>
      </trkpt>
      <trkpt lat="3.01423" lon="101.63738">
        <ele>223.01</ele>
      </trkpt>
      <trkpt lat="3.01421" lon="101.63737">
        <ele>224.25</ele>
      </trkpt>
      <trkpt lat="3.0142" lon="101.63738">
        <ele>224.5</ele>
      </trkpt>
      <trkpt lat="3.01417" lon="101.63738">
        <ele>225.99</ele>
      </trkpt>
      <trkpt lat="3.0141" lon="101.63742">
        <ele>224.38</ele>
      </trkpt>
      <trkpt lat="3.01402" lon="101.63745">
        <ele>222.45</ele>
      </trkpt>
      <trkpt lat="3.01399" lon="101.63746">
        <ele>221.72</ele>
      </trkpt>
      <trkpt lat="3.01396" lon="101.63748">
        <ele>220.75</ele>
      </trkpt>
      <trkpt lat="3.01393" lon="101.6375">
        <ele>219.74</ele>
      </trkpt>
      <trkpt lat="3.01389" lon="101.63752">
        <ele>218.58</ele>
      </trkpt>
      <trkpt lat="3.01386" lon="101.63755">
        <ele>217.69</ele>
      </trkpt>
      <trkpt lat="3.01378" lon="101.63758">
        <ele>216.83</ele>
      </trkpt>
      <trkpt lat="3.01374" lon="101.63763">
        <ele>216.56</ele>
      </trkpt>
      <trkpt lat="3.01371" lon="101.63768">
        <ele>216.71</ele>
      </trkpt>
      <trkpt lat="3.0137" lon="101.63771">
        <ele>216.88</ele>
      </trkpt>
      <trkpt lat="3.01369" lon="101.63773">
        <ele>217.1</ele>
      </trkpt>
      <trkpt lat="3.01369" lon="101.63775">
        <ele>217.18</ele>
      </trkpt>
      <trkpt lat="3.01369" lon="101.63779">
        <ele>217.02</ele>
      </trkpt>
      <trkpt lat="3.01369" lon="101.6378">
        <ele>216.79</ele>
      </trkpt>
      <trkpt lat="3.01369" lon="101.63788">
        <ele>214.98</ele>
      </trkpt>
      <trkpt lat="3.01367" lon="101.63791">
        <ele>214.77</ele>
      </trkpt>
      <trkpt lat="3.01364" lon="101.63794">
        <ele>214.81</ele>
      </trkpt>
      <trkpt lat="3.01361" lon="101.638">
        <ele>214.2</ele>
      </trkpt>
      <trkpt lat="3.0136" lon="101.63802">
        <ele>213.79</ele>
      </trkpt>
      <trkpt lat="3.01358" lon="101.63807">
        <ele>213.11</ele>
      </trkpt>
      <trkpt lat="3.01358" lon="101.6381">
        <ele>213.11</ele>
      </trkpt>
      <trkpt lat="3.01356" lon="101.63815">
        <ele>213.18</ele>
      </trkpt>
      <trkpt lat="3.01355" lon="101.6382">
        <ele>213.22</ele>
      </trkpt>
      <trkpt lat="3.01355" lon="101.63824">
        <ele>213.22</ele>
      </trkpt>
      <trkpt lat="3.01354" lon="101.63827">
        <ele>213.26</ele>
      </trkpt>
      <trkpt lat="3.01354" lon="101.63831">
        <ele>213.26</ele>
      </trkpt>
      <trkpt lat="3.01354" lon="101.63834">
        <ele>213.28</ele>
      </trkpt>
      <trkpt lat="3.01353" lon="101.63838">
        <ele>213.4</ele>
      </trkpt>
      <trkpt lat="3.01353" lon="101.63842">
        <ele>213.5</ele>
      </trkpt>
      <trkpt lat="3.01353" lon="101.63844">
        <ele>213.55</ele>
      </trkpt>
      <trkpt lat="3.01352" lon="101.63847">
        <ele>213.51</ele>
      </trkpt>
      <trkpt lat="3.01352" lon="101.6385">
        <ele>213.55</ele>
      </trkpt>
      <trkpt lat="3.01351" lon="101.63852">
        <ele>213.42</ele>
      </trkpt>
      <trkpt lat="3.0135" lon="101.63855">
        <ele>213.24</ele>
      </trkpt>
      <trkpt lat="3.0135" lon="101.63857">
        <ele>213.23</ele>
      </trkpt>
      <trkpt lat="3.01349" lon="101.63859">
        <ele>212.99</ele>
      </trkpt>
      <trkpt lat="3.01339" lon="101.63873">
        <ele>209.57</ele>
      </trkpt>
      <trkpt lat="3.01339" lon="101.63877">
        <ele>209.28</ele>
      </trkpt>
      <trkpt lat="3.01337" lon="101.63882">
        <ele>208.42</ele>
      </trkpt>
      <trkpt lat="3.01336" lon="101.63891">
        <ele>206.82</ele>
      </trkpt>
      <trkpt lat="3.01335" lon="101.63893">
        <ele>205.83</ele>
      </trkpt>
      <trkpt lat="3.01333" lon="101.63895">
        <ele>204.73</ele>
      </trkpt>
      <trkpt lat="3.01329" lon="101.63899">
        <ele>202.5</ele>
      </trkpt>
      <trkpt lat="3.01324" lon="101.63906">
        <ele>199.32</ele>
      </trkpt>
      <trkpt lat="3.01322" lon="101.63909">
        <ele>198.09</ele>
      </trkpt>
      <trkpt lat="3.01319" lon="101.63913">
        <ele>196.5</ele>
      </trkpt>
      <trkpt lat="3.01317" lon="101.63916">
        <ele>195.42</ele>
      </trkpt>
      <trkpt lat="3.01314" lon="101.6392">
        <ele>194.25</ele>
      </trkpt>
      <trkpt lat="3.01311" lon="101.63923">
        <ele>193.45</ele>
      </trkpt>
      <trkpt lat="3.01309" lon="101.63925">
        <ele>192.99</ele>
      </trkpt>
      <trkpt lat="3.01307" lon="101.63927">
        <ele>192.57</ele>
      </trkpt>
      <trkpt lat="3.01305" lon="101.63929">
        <ele>192.05</ele>
      </trkpt>
      <trkpt lat="3.01302" lon="101.63933">
        <ele>190.43</ele>
      </trkpt>
      <trkpt lat="3.01297" lon="101.63939">
        <ele>187.45</ele>
      </trkpt>
      <trkpt lat="3.01291" lon="101.63948">
        <ele>183.22</ele>
      </trkpt>
      <trkpt lat="3.0129" lon="101.63954">
        <ele>182.03</ele>
      </trkpt>
      <trkpt lat="3.01289" lon="101.63956">
        <ele>181.42</ele>
      </trkpt>
      <trkpt lat="3.01288" lon="101.63963">
        <ele>180.27</ele>
      </trkpt>
      <trkpt lat="3.01287" lon="101.63964">
        <ele>179.88</ele>
      </trkpt>
      <trkpt lat="3.01287" lon="101.63966">
        <ele>179.66</ele>
      </trkpt>
      <trkpt lat="3.01285" lon="101.63969">
        <ele>178.86</ele>
      </trkpt>
      <trkpt lat="3.01284" lon="101.63974">
        <ele>178.07</ele>
      </trkpt>
      <trkpt lat="3.01279" lon="101.63979">
        <ele>176.28</ele>
      </trkpt>
      <trkpt lat="3.01276" lon="101.63981">
        <ele>175.52</ele>
      </trkpt>
      <trkpt lat="3.01274" lon="101.63983">
        <ele>175.01</ele>
      </trkpt>
      <trkpt lat="3.01274" lon="101.63985">
        <ele>174.74</ele>
      </trkpt>
      <trkpt lat="3.01275" lon="101.63987">
        <ele>174.58</ele>
      </trkpt>
      <trkpt lat="3.01274" lon="101.63991">
        <ele>173.94</ele>
      </trkpt>
      <trkpt lat="3.01274" lon="101.64001">
        <ele>172.54</ele>
      </trkpt>
      <trkpt lat="3.01275" lon="101.64007">
        <ele>171.51</ele>
      </trkpt>
      <trkpt lat="3.01277" lon="101.64011">
        <ele>170.95</ele>
      </trkpt>
      <trkpt lat="3.01281" lon="101.64014">
        <ele>170.65</ele>
      </trkpt>
      <trkpt lat="3.01284" lon="101.64019">
        <ele>169.63</ele>
      </trkpt>
      <trkpt lat="3.01292" lon="101.6403">
        <ele>166.54</ele>
      </trkpt>
      <trkpt lat="3.01294" lon="101.64033">
        <ele>165.85</ele>
      </trkpt>
      <trkpt lat="3.01299" lon="101.64047">
        <ele>163.21</ele>
      </trkpt>
      <trkpt lat="3.01299" lon="101.64048">
        <ele>163.04</ele>
      </trkpt>
      <trkpt lat="3.01303" lon="101.64055">
        <ele>161.99</ele>
      </trkpt>
      <trkpt lat="3.01307" lon="101.64059">
        <ele>160.21</ele>
      </trkpt>
      <trkpt lat="3.01309" lon="101.6406">
        <ele>159.24</ele>
      </trkpt>
      <trkpt lat="3.01311" lon="101.64063">
        <ele>157.6</ele>
      </trkpt>
      <trkpt lat="3.01313" lon="101.64069">
        <ele>155.04</ele>
      </trkpt>
      <trkpt lat="3.01313" lon="101.64072">
        <ele>154.03</ele>
      </trkpt>
      <trkpt lat="3.01314" lon="101.64075">
        <ele>152.84</ele>
      </trkpt>
      <trkpt lat="3.01314" lon="101.64078">
        <ele>151.85</ele>
      </trkpt>
      <trkpt lat="3.01315" lon="101.64081">
        <ele>150.73</ele>
      </trkpt>
      <trkpt lat="3.01317" lon="101.64084">
        <ele>149.69</ele>
      </trkpt>
      <trkpt lat="3.01318" lon="101.64086">
        <ele>149.37</ele>
      </trkpt>
      <trkpt lat="3.01318" lon="101.64087">
        <ele>149.26</ele>
      </trkpt>
      <trkpt lat="3.01319" lon="101.64089">
        <ele>148.94</ele>
      </trkpt>
      <trkpt lat="3.0132" lon="101.64091">
        <ele>148.61</ele>
      </trkpt>
      <trkpt lat="3.01322" lon="101.64093">
        <ele>148.18</ele>
      </trkpt>
      <trkpt lat="3.01325" lon="101.64095">
        <ele>147.64</ele>
      </trkpt>
      <trkpt lat="3.01327" lon="101.64097">
        <ele>147.21</ele>
      </trkpt>
      <trkpt lat="3.01327" lon="101.64102">
        <ele>146.67</ele>
      </trkpt>
      <trkpt lat="3.01327" lon="101.64104">
        <ele>146.45</ele>
      </trkpt>
      <trkpt lat="3.01327" lon="101.64107">
        <ele>146.13</ele>
      </trkpt>
      <trkpt lat="3.0133" lon="101.64115">
        <ele>144.82</ele>
      </trkpt>
      <trkpt lat="3.01333" lon="101.64118">
        <ele>144.05</ele>
      </trkpt>
      <trkpt lat="3.01333" lon="101.64121">
        <ele>143.62</ele>
      </trkpt>
      <trkpt lat="3.01335" lon="101.64125">
        <ele>142.76</ele>
      </trkpt>
      <trkpt lat="3.01336" lon="101.64128">
        <ele>142.14</ele>
      </trkpt>
      <trkpt lat="3.01336" lon="101.64134">
        <ele>141.2</ele>
      </trkpt>
      <trkpt lat="3.01338" lon="101.64138">
        <ele>140.14</ele>
      </trkpt>
      <trkpt lat="3.01341" lon="101.64142">
        <ele>139.27</ele>
      </trkpt>
      <trkpt lat="3.01343" lon="101.64146">
        <ele>138.85</ele>
      </trkpt>
      <trkpt lat="3.01343" lon="101.64148">
        <ele>138.83</ele>
      </trkpt>
      <trkpt lat="3.01347" lon="101.64155">
        <ele>138.31</ele>
      </trkpt>
      <trkpt lat="3.01348" lon="101.64162">
        <ele>138.36</ele>
      </trkpt>
      <trkpt lat="3.01349" lon="101.64166">
        <ele>138.42</ele>
      </trkpt>
      <trkpt lat="3.0135" lon="101.64167">
        <ele>138.48</ele>
      </trkpt>
      <trkpt lat="3.0135" lon="101.64169">
        <ele>138.97</ele>
      </trkpt>
      <trkpt lat="3.01351" lon="101.6417">
        <ele>139.19</ele>
      </trkpt>
      <trkpt lat="3.01352" lon="101.64173">
        <ele>139.93</ele>
      </trkpt>
      <trkpt lat="3.01352" lon="101.64175">
        <ele>140.43</ele>
      </trkpt>
      <trkpt lat="3.01353" lon="101.64178">
        <ele>141.2</ele>
      </trkpt>
      <trkpt lat="3.01354" lon="101.64182">
        <ele>142.25</ele>
      </trkpt>
      <trkpt lat="3.01354" lon="101.64187">
        <ele>143.55</ele>
      </trkpt>
      <trkpt lat="3.01351" lon="101.64193">
        <ele>144.91</ele>
      </trkpt>
      <trkpt lat="3.0135" lon="101.64197">
        <ele>144.8</ele>
      </trkpt>
      <trkpt lat="3.01349" lon="101.64199">
        <ele>144.4</ele>
      </trkpt>
      <trkpt lat="3.01348" lon="101.64203">
        <ele>143.68</ele>
      </trkpt>
      <trkpt lat="3.01347" lon="101.64205">
        <ele>143.27</ele>
      </trkpt>
      <trkpt lat="3.01348" lon="101.6421">
        <ele>142.55</ele>
      </trkpt>
      <trkpt lat="3.01347" lon="101.64212">
        <ele>142.13</ele>
      </trkpt>
      <trkpt lat="3.01347" lon="101.64225">
        <ele>139.98</ele>
      </trkpt>
      <trkpt lat="3.01346" lon="101.6423">
        <ele>139.02</ele>
      </trkpt>
      <trkpt lat="3.01346" lon="101.64236">
        <ele>137.98</ele>
      </trkpt>
      <trkpt lat="3.01347" lon="101.64241">
        <ele>137.12</ele>
      </trkpt>
      <trkpt lat="3.01345" lon="101.64249">
        <ele>135.75</ele>
      </trkpt>
      <trkpt lat="3.01345" lon="101.64251">
        <ele>135.05</ele>
      </trkpt>
      <trkpt lat="3.01346" lon="101.64255">
        <ele>132.88</ele>
      </trkpt>
      <trkpt lat="3.01346" lon="101.64261">
        <ele>129.67</ele>
      </trkpt>
      <trkpt lat="3.01346" lon="101.64267">
        <ele>126.47</ele>
      </trkpt>
      <trkpt lat="3.01348" lon="101.64272">
        <ele>123.5</ele>
      </trkpt>
      <trkpt lat="3.01349" lon="101.64278">
        <ele>120.13</ele>
      </trkpt>
      <trkpt lat="3.0135" lon="101.64285">
        <ele>118.34</ele>
      </trkpt>
      <trkpt lat="3.0135" lon="101.64292">
        <ele>116.72</ele>
      </trkpt>
      <trkpt lat="3.01349" lon="101.64297">
        <ele>115.6</ele>
      </trkpt>
      <trkpt lat="3.01348" lon="101.64299">
        <ele>115.14</ele>
      </trkpt>
      <trkpt lat="3.01348" lon="101.643">
        <ele>114.89</ele>
      </trkpt>
      <trkpt lat="3.01348" lon="101.64302">
        <ele>114.4</ele>
      </trkpt>
      <trkpt lat="3.01348" lon="101.64305">
        <ele>113.66</ele>
      </trkpt>
      <trkpt lat="3.01347" lon="101.6431">
        <ele>111.81</ele>
      </trkpt>
      <trkpt lat="3.01347" lon="101.64315">
        <ele>109.91</ele>
      </trkpt>
      <trkpt lat="3.01347" lon="101.64319">
        <ele>108.4</ele>
      </trkpt>
      <trkpt lat="3.01346" lon="101.64324">
        <ele>106.4</ele>
      </trkpt>
      <trkpt lat="3.01345" lon="101.64331">
        <ele>103.58</ele>
      </trkpt>
      <trkpt lat="3.01345" lon="101.64335">
        <ele>102.1</ele>
      </trkpt>
      <trkpt lat="3.01346" lon="101.64341">
        <ele>100.17</ele>
      </trkpt>
      <trkpt lat="3.01347" lon="101.64344">
        <ele>99.31</ele>
      </trkpt>
      <trkpt lat="3.01347" lon="101.64347">
        <ele>98.28</ele>
      </trkpt>
      <trkpt lat="3.01347" lon="101.64352">
        <ele>96.57</ele>
      </trkpt>
      <trkpt lat="3.01345" lon="101.64358">
        <ele>94.03</ele>
      </trkpt>
      <trkpt lat="3.01347" lon="101.64368">
        <ele>91.47</ele>
      </trkpt>
      <trkpt lat="3.01347" lon="101.64371">
        <ele>90.61</ele>
      </trkpt>
      <trkpt lat="3.01349" lon="101.64376">
        <ele>89.52</ele>
      </trkpt>
      <trkpt lat="3.0135" lon="101.64379">
        <ele>88.79</ele>
      </trkpt>
      <trkpt lat="3.01351" lon="101.64382">
        <ele>88.03</ele>
      </trkpt>
      <trkpt lat="3.01352" lon="101.64384">
        <ele>87.55</ele>
      </trkpt>
      <trkpt lat="3.01352" lon="101.64387">
        <ele>86.61</ele>
      </trkpt>
      <trkpt lat="3.01353" lon="101.64389">
        <ele>86.13</ele>
      </trkpt>
      <trkpt lat="3.01352" lon="101.64396">
        <ele>86.36</ele>
      </trkpt>
      <trkpt lat="3.01353" lon="101.644">
        <ele>86.69</ele>
      </trkpt>
      <trkpt lat="3.01356" lon="101.64408">
        <ele>87.57</ele>
      </trkpt>
      <trkpt lat="3.01359" lon="101.64415">
        <ele>88.51</ele>
      </trkpt>
      <trkpt lat="3.0136" lon="101.6442">
        <ele>88.7</ele>
      </trkpt>
      <trkpt lat="3.01361" lon="101.64423">
        <ele>88.76</ele>
      </trkpt>
      <trkpt lat="3.0136" lon="101.64426">
        <ele>88.52</ele>
      </trkpt>
      <trkpt lat="3.0136" lon="101.64428">
        <ele>88.46</ele>
      </trkpt>
      <trkpt lat="3.0136" lon="101.64429">
        <ele>88.43</ele>
      </trkpt>
      <trkpt lat="3.0136" lon="101.6443">
        <ele>88.4</ele>
      </trkpt>
      <trkpt lat="3.0136" lon="101.6443">
        <ele>88.4</ele>
      </trkpt>
      <trkpt lat="3.01359" lon="101.64434">
        <ele>88.19</ele>
      </trkpt>
      <trkpt lat="3.0136" lon="101.64437">
        <ele>88.19</ele>
      </trkpt>
      <trkpt lat="3.01361" lon="101.64439">
        <ele>88.19</ele>
      </trkpt>
      <trkpt lat="3.01362" lon="101.64442">
        <ele>88.22</ele>
      </trkpt>
      <trkpt lat="3.01364" lon="101.64445">
        <ele>88.31</ele>
      </trkpt>
      <trkpt lat="3.01365" lon="101.64449">
        <ele>88.44</ele>
      </trkpt>
      <trkpt lat="3.01367" lon="101.64451">
        <ele>88.69</ele>
      </trkpt>
      <trkpt lat="3.0137" lon="101.64453">
        <ele>89.06</ele>
      </trkpt>
      <trkpt lat="3.01373" lon="101.64456">
        <ele>89.46</ele>
      </trkpt>
      <trkpt lat="3.01377" lon="101.64458">
        <ele>90.0</ele>
      </trkpt>
      <trkpt lat="3.01382" lon="101.64461">
        <ele>90.7</ele>
      </trkpt>
      <trkpt lat="3.01389" lon="101.64463">
        <ele>91.72</ele>
      </trkpt>
      <trkpt lat="3.01391" lon="101.64464">
        <ele>92.75</ele>
      </trkpt>
      <trkpt lat="3.01396" lon="101.64464">
        <ele>95.23</ele>
      </trkpt>
      <trkpt lat="3.01407" lon="101.64467">
        <ele>100.37</ele>
      </trkpt>
      <trkpt lat="3.01411" lon="101.64467">
        <ele>102.26</ele>
      </trkpt>
      <trkpt lat="3.01421" lon="101.64469">
        <ele>107.35</ele>
      </trkpt>
      <trkpt lat="3.01428" lon="101.64474">
        <ele>111.68</ele>
      </trkpt>
      <trkpt lat="3.0143" lon="101.64477">
        <ele>113.58</ele>
      </trkpt>
      <trkpt lat="3.01432" lon="101.64479">
        <ele>115.32</ele>
      </trkpt>
      <trkpt lat="3.01433" lon="101.6448">
        <ele>116.2</ele>
      </trkpt>
      <trkpt lat="3.01437" lon="101.64483">
        <ele>119.58</ele>
      </trkpt>
      <trkpt lat="3.01441" lon="101.64486">
        <ele>123.06</ele>
      </trkpt>
      <trkpt lat="3.01446" lon="101.64489">
        <ele>126.63</ele>
      </trkpt>
      <trkpt lat="3.01454" lon="101.64496">
        <ele>129.76</ele>
      </trkpt>
      <trkpt lat="3.01458" lon="101.64501">
        <ele>131.02</ele>
      </trkpt>
      <trkpt lat="3.01461" lon="101.64504">
        <ele>131.7</ele>
      </trkpt>
      <trkpt lat="3.01464" lon="101.64509">
        <ele>132.6</ele>
      </trkpt>
      <trkpt lat="3.01467" lon="101.64515">
        <ele>133.66</ele>
      </trkpt>
      <trkpt lat="3.01471" lon="101.64524">
        <ele>135.34</ele>
      </trkpt>
      <trkpt lat="3.01471" lon="101.6453">
        <ele>135.26</ele>
      </trkpt>
      <trkpt lat="3.01473" lon="101.64536">
        <ele>134.21</ele>
      </trkpt>
      <trkpt lat="3.01472" lon="101.64539">
        <ele>133.53</ele>
      </trkpt>
      <trkpt lat="3.01473" lon="101.64542">
        <ele>132.9</ele>
      </trkpt>
      <trkpt lat="3.01473" lon="101.64545">
        <ele>132.25</ele>
      </trkpt>
      <trkpt lat="3.01474" lon="101.64548">
        <ele>131.54</ele>
      </trkpt>
      <trkpt lat="3.01474" lon="101.64551">
        <ele>130.88</ele>
      </trkpt>
      <trkpt lat="3.01473" lon="101.64553">
        <ele>130.5</ele>
      </trkpt>
      <trkpt lat="3.01476" lon="101.64564">
        <ele>129.01</ele>
      </trkpt>
      <trkpt lat="3.0148" lon="101.6457">
        <ele>127.46</ele>
      </trkpt>
      <trkpt lat="3.01486" lon="101.64574">
        <ele>125.05</ele>
      </trkpt>
      <trkpt lat="3.01486" lon="101.64575">
        <ele>124.84</ele>
      </trkpt>
      <trkpt lat="3.01487" lon="101.64576">
        <ele>124.28</ele>
      </trkpt>
      <trkpt lat="3.015" lon="101.6458">
        <ele>118.32</ele>
      </trkpt>
      <trkpt lat="3.01503" lon="101.64582">
        <ele>116.93</ele>
      </trkpt>
      <trkpt lat="3.01507" lon="101.64583">
        <ele>115.65</ele>
      </trkpt>
      <trkpt lat="3.0151" lon="101.64585">
        <ele>113.77</ele>
      </trkpt>
      <trkpt lat="3.01511" lon="101.64586">
        <ele>112.9</ele>
      </trkpt>
      <trkpt lat="3.01514" lon="101.64586">
        <ele>112.2</ele>
      </trkpt>
      <trkpt lat="3.01516" lon="101.64587">
        <ele>111.05</ele>
      </trkpt>
      <trkpt lat="3.01519" lon="101.64587">
        <ele>110.33</ele>
      </trkpt>
      <trkpt lat="3.01527" lon="101.64585">
        <ele>109.92</ele>
      </trkpt>
      <trkpt lat="3.01533" lon="101.64585">
        <ele>109.06</ele>
      </trkpt>
      <trkpt lat="3.01535" lon="101.64586">
        <ele>108.09</ele>
      </trkpt>
      <trkpt lat="3.01538" lon="101.64587">
        <ele>107.05</ele>
      </trkpt>
      <trkpt lat="3.01541" lon="101.64589">
        <ele>105.39</ele>
      </trkpt>
      <trkpt lat="3.01544" lon="101.64591">
        <ele>103.84</ele>
      </trkpt>
      <trkpt lat="3.01547" lon="101.64594">
        <ele>101.76</ele>
      </trkpt>
      <trkpt lat="3.01555" lon="101.646">
        <ele>98.01</ele>
      </trkpt>
      <trkpt lat="3.01559" lon="101.64602">
        <ele>97.29</ele>
      </trkpt>
      <trkpt lat="3.01569" lon="101.64605">
        <ele>96.75</ele>
      </trkpt>
      <trkpt lat="3.01569" lon="101.64606">
        <ele>96.21</ele>
      </trkpt>
      <trkpt lat="3.0157" lon="101.64607">
        <ele>95.78</ele>
      </trkpt>
      <trkpt lat="3.01572" lon="101.64609">
        <ele>94.92</ele>
      </trkpt>
      <trkpt lat="3.01577" lon="101.64613">
        <ele>93.67</ele>
      </trkpt>
      <trkpt lat="3.01588" lon="101.64619">
        <ele>91.63</ele>
      </trkpt>
      <trkpt lat="3.01599" lon="101.64623">
        <ele>88.63</ele>
      </trkpt>
      <trkpt lat="3.01605" lon="101.64627">
        <ele>85.94</ele>
      </trkpt>
      <trkpt lat="3.0161" lon="101.64628">
        <ele>84.67</ele>
      </trkpt>
      <trkpt lat="3.01615" lon="101.64628">
        <ele>86.21</ele>
      </trkpt>
      <trkpt lat="3.01619" lon="101.64629">
        <ele>87.31</ele>
      </trkpt>
      <trkpt lat="3.01623" lon="101.6463">
        <ele>88.24</ele>
      </trkpt>
      <trkpt lat="3.01629" lon="101.64631">
        <ele>89.77</ele>
      </trkpt>
      <trkpt lat="3.01636" lon="101.64631">
        <ele>92.42</ele>
      </trkpt>
      <trkpt lat="3.01637" lon="101.64632">
        <ele>91.76</ele>
      </trkpt>
      <trkpt lat="3.01641" lon="101.64632">
        <ele>93.83</ele>
      </trkpt>
      <trkpt lat="3.01642" lon="101.64633">
        <ele>93.48</ele>
      </trkpt>
      <trkpt lat="3.01645" lon="101.64632">
        <ele>96.46</ele>
      </trkpt>
      <trkpt lat="3.01649" lon="101.64633">
        <ele>98.27</ele>
      </trkpt>
      <trkpt lat="3.01658" lon="101.64633">
        <ele>104.41</ele>
      </trkpt>
      <trkpt lat="3.01662" lon="101.64634">
        <ele>106.63</ele>
      </trkpt>
      <trkpt lat="3.01667" lon="101.64633">
        <ele>110.33</ele>
      </trkpt>
      <trkpt lat="3.0167" lon="101.64634">
        <ele>109.96</ele>
      </trkpt>
      <trkpt lat="3.01674" lon="101.64634">
        <ele>109.98</ele>
      </trkpt>
      <trkpt lat="3.01682" lon="101.64634">
        <ele>110.03</ele>
      </trkpt>
      <trkpt lat="3.01685" lon="101.64635">
        <ele>109.63</ele>
      </trkpt>
      <trkpt lat="3.01691" lon="101.64635">
        <ele>109.66</ele>
      </trkpt>
      <trkpt lat="3.01698" lon="101.64638">
        <ele>108.22</ele>
      </trkpt>
      <trkpt lat="3.01703" lon="101.64639">
        <ele>107.68</ele>
      </trkpt>
      <trkpt lat="3.01708" lon="101.64641">
        <ele>107.21</ele>
      </trkpt>
      <trkpt lat="3.01713" lon="101.64642">
        <ele>106.77</ele>
      </trkpt>
      <trkpt lat="3.01718" lon="101.64644">
        <ele>106.03</ele>
      </trkpt>
      <trkpt lat="3.01721" lon="101.64644">
        <ele>105.8</ele>
      </trkpt>
      <trkpt lat="3.01742" lon="101.6465">
        <ele>100.07</ele>
      </trkpt>
      <trkpt lat="3.01751" lon="101.64654">
        <ele>96.28</ele>
      </trkpt>
      <trkpt lat="3.01756" lon="101.64655">
        <ele>91.8</ele>
      </trkpt>
      <trkpt lat="3.01763" lon="101.64658">
        <ele>84.66</ele>
      </trkpt>
      <trkpt lat="3.01767" lon="101.6466">
        <ele>80.28</ele>
      </trkpt>
      <trkpt lat="3.0177" lon="101.64661">
        <ele>77.14</ele>
      </trkpt>
      <trkpt lat="3.01776" lon="101.64662">
        <ele>71.28</ele>
      </trkpt>
      <trkpt lat="3.01778" lon="101.64662">
        <ele>69.61</ele>
      </trkpt>
      <trkpt lat="3.0178" lon="101.64663">
        <ele>68.33</ele>
      </trkpt>
      <trkpt lat="3.01785" lon="101.64664">
        <ele>66.13</ele>
      </trkpt>
      <trkpt lat="3.01788" lon="101.64665">
        <ele>64.73</ele>
      </trkpt>
      <trkpt lat="3.01791" lon="101.64665">
        <ele>63.78</ele>
      </trkpt>
      <trkpt lat="3.01792" lon="101.64666">
        <ele>63.13</ele>
      </trkpt>
      <trkpt lat="3.01793" lon="101.64666">
        <ele>62.83</ele>
      </trkpt>
      <trkpt lat="3.01795" lon="101.64666">
        <ele>62.23</ele>
      </trkpt>
      <trkpt lat="3.01798" lon="101.64667">
        <ele>61.16</ele>
      </trkpt>
      <trkpt lat="3.018" lon="101.64667">
        <ele>60.59</ele>
      </trkpt>
      <trkpt lat="3.01803" lon="101.64666">
        <ele>59.84</ele>
      </trkpt>
      <trkpt lat="3.01808" lon="101.64666">
        <ele>58.63</ele>
      </trkpt>
      <trkpt lat="3.01817" lon="101.64666">
        <ele>57.01</ele>
      </trkpt>
      <trkpt lat="3.01829" lon="101.64668">
        <ele>54.77</ele>
      </trkpt>
      <trkpt lat="3.01831" lon="101.64668">
        <ele>54.42</ele>
      </trkpt>
      <trkpt lat="3.0186" lon="101.64673">
        <ele>50.68</ele>
      </trkpt>
      <trkpt lat="3.0187" lon="101.64675">
        <ele>49.79</ele>
      </trkpt>
      <trkpt lat="3.01877" lon="101.64679">
        <ele>48.78</ele>
      </trkpt>
      <trkpt lat="3.01882" lon="101.64681">
        <ele>48.05</ele>
      </trkpt>
      <trkpt lat="3.01883" lon="101.64684">
        <ele>47.49</ele>
      </trkpt>
      <trkpt lat="3.01884" lon="101.64683">
        <ele>47.55</ele>
      </trkpt>
      <trkpt lat="3.01889" lon="101.64674">
        <ele>48.68</ele>
      </trkpt>
      <trkpt lat="3.01893" lon="101.6467">
        <ele>49.29</ele>
      </trkpt>
      <trkpt lat="3.01898" lon="101.64666">
        <ele>49.77</ele>
      </trkpt>
      <trkpt lat="3.01904" lon="101.64663">
        <ele>49.98</ele>
      </trkpt>
      <trkpt lat="3.01906" lon="101.64663">
        <ele>49.91</ele>
      </trkpt>
      <trkpt lat="3.01916" lon="101.6466">
        <ele>49.98</ele>
      </trkpt>
      <trkpt lat="3.01924" lon="101.64656">
        <ele>51.19</ele>
      </trkpt>
      <trkpt lat="3.01929" lon="101.64655">
        <ele>51.71</ele>
      </trkpt>
      <trkpt lat="3.01932" lon="101.64653">
        <ele>52.09</ele>
      </trkpt>
      <trkpt lat="3.01942" lon="101.64648">
        <ele>52.88</ele>
      </trkpt>
      <trkpt lat="3.01946" lon="101.64648">
        <ele>52.63</ele>
      </trkpt>
      <trkpt lat="3.01948" lon="101.64646">
        <ele>52.2</ele>
      </trkpt>
      <trkpt lat="3.01954" lon="101.64643">
        <ele>51.03</ele>
      </trkpt>
      <trkpt lat="3.01959" lon="101.6464">
        <ele>50.28</ele>
      </trkpt>
      <trkpt lat="3.01962" lon="101.64638">
        <ele>49.88</ele>
      </trkpt>
      <trkpt lat="3.01965" lon="101.64636">
        <ele>49.43</ele>
      </trkpt>
      <trkpt lat="3.01967" lon="101.64634">
        <ele>49.15</ele>
      </trkpt>
      <trkpt lat="3.01971" lon="101.64633">
        <ele>48.44</ele>
      </trkpt>
      <trkpt lat="3.01973" lon="101.6463">
        <ele>48.24</ele>
      </trkpt>
      <trkpt lat="3.01979" lon="101.64627">
        <ele>47.8</ele>
      </trkpt>
      <trkpt lat="3.0198" lon="101.64627">
        <ele>47.71</ele>
      </trkpt>
      <trkpt lat="3.01984" lon="101.64624">
        <ele>47.49</ele>
      </trkpt>
      <trkpt lat="3.01989" lon="101.64622">
        <ele>47.16</ele>
      </trkpt>
      <trkpt lat="3.01996" lon="101.64617">
        <ele>46.89</ele>
      </trkpt>
      <trkpt lat="3.01999" lon="101.64613">
        <ele>46.94</ele>
      </trkpt>
      <trkpt lat="3.02001" lon="101.64612">
        <ele>46.73</ele>
      </trkpt>
      <trkpt lat="3.02005" lon="101.64606">
        <ele>46.84</ele>
      </trkpt>
      <trkpt lat="3.02015" lon="101.64597">
        <ele>46.3</ele>
      </trkpt>
      <trkpt lat="3.02022" lon="101.6459">
        <ele>46.05</ele>
      </trkpt>
      <trkpt lat="3.02024" lon="101.64589">
        <ele>45.8</ele>
      </trkpt>
      <trkpt lat="3.02026" lon="101.64587">
        <ele>45.72</ele>
      </trkpt>
      <trkpt lat="3.02028" lon="101.64584">
        <ele>45.88</ele>
      </trkpt>
      <trkpt lat="3.0203" lon="101.64583">
        <ele>46.1</ele>
      </trkpt>
      <trkpt lat="3.02031" lon="101.6458">
        <ele>46.94</ele>
      </trkpt>
      <trkpt lat="3.02033" lon="101.64578">
        <ele>47.37</ele>
      </trkpt>
      <trkpt lat="3.02037" lon="101.64575">
        <ele>47.7</ele>
      </trkpt>
      <trkpt lat="3.02042" lon="101.64569">
        <ele>48.0</ele>
      </trkpt>
      <trkpt lat="3.02049" lon="101.64561">
        <ele>47.09</ele>
      </trkpt>
      <trkpt lat="3.02055" lon="101.64558">
        <ele>45.27</ele>
      </trkpt>
      <trkpt lat="3.02057" lon="101.64557">
        <ele>45.1</ele>
      </trkpt>
      <trkpt lat="3.02062" lon="101.64554">
        <ele>45.47</ele>
      </trkpt>
      <trkpt lat="3.02072" lon="101.64552">
        <ele>46.0</ele>
      </trkpt>
      <trkpt lat="3.02097" lon="101.64551">
        <ele>49.11</ele>
      </trkpt>
      <trkpt lat="3.02103" lon="101.64549">
        <ele>50.68</ele>
      </trkpt>
      <trkpt lat="3.02104" lon="101.64549">
        <ele>50.89</ele>
      </trkpt>
      <trkpt lat="3.02108" lon="101.64548">
        <ele>51.95</ele>
      </trkpt>
      <trkpt lat="3.0211" lon="101.64548">
        <ele>52.39</ele>
      </trkpt>
      <trkpt lat="3.02117" lon="101.64545">
        <ele>53.96</ele>
      </trkpt>
      <trkpt lat="3.02123" lon="101.64543">
        <ele>54.77</ele>
      </trkpt>
      <trkpt lat="3.0213" lon="101.6454">
        <ele>55.31</ele>
      </trkpt>
      <trkpt lat="3.02137" lon="101.64539">
        <ele>55.55</ele>
      </trkpt>
      <trkpt lat="3.02146" lon="101.64536">
        <ele>53.49</ele>
      </trkpt>
      <trkpt lat="3.0215" lon="101.64534">
        <ele>52.01</ele>
      </trkpt>
      <trkpt lat="3.02151" lon="101.64534">
        <ele>51.75</ele>
      </trkpt>
      <trkpt lat="3.02154" lon="101.64533">
        <ele>50.67</ele>
      </trkpt>
      <trkpt lat="3.02156" lon="101.64533">
        <ele>50.13</ele>
      </trkpt>
      <trkpt lat="3.0216" lon="101.64533">
        <ele>49.06</ele>
      </trkpt>
      <trkpt lat="3.02175" lon="101.64529">
        <ele>45.4</ele>
      </trkpt>
      <trkpt lat="3.02179" lon="101.64529">
        <ele>45.33</ele>
      </trkpt>
      <trkpt lat="3.02186" lon="101.64526">
        <ele>46.2</ele>
      </trkpt>
      <trkpt lat="3.0219" lon="101.64527">
        <ele>45.54</ele>
      </trkpt>
      <trkpt lat="3.02195" lon="101.64526">
        <ele>46.31</ele>
      </trkpt>
      <trkpt lat="3.02201" lon="101.64525">
        <ele>47.35</ele>
      </trkpt>
      <trkpt lat="3.02203" lon="101.64524">
        <ele>48.13</ele>
      </trkpt>
      <trkpt lat="3.0221" lon="101.64524">
        <ele>48.46</ele>
      </trkpt>
      <trkpt lat="3.02219" lon="101.64522">
        <ele>50.01</ele>
      </trkpt>
      <trkpt lat="3.02233" lon="101.64525">
        <ele>50.28</ele>
      </trkpt>
      <trkpt lat="3.02238" lon="101.64525">
        <ele>51.11</ele>
      </trkpt>
      <trkpt lat="3.02246" lon="101.64526">
        <ele>52.02</ele>
      </trkpt>
      <trkpt lat="3.02251" lon="101.64526">
        <ele>52.75</ele>
      </trkpt>
      <trkpt lat="3.02254" lon="101.64527">
        <ele>52.56</ele>
      </trkpt>
      <trkpt lat="3.02259" lon="101.64527">
        <ele>52.87</ele>
      </trkpt>
      <trkpt lat="3.02264" lon="101.64528">
        <ele>53.06</ele>
      </trkpt>
      <trkpt lat="3.0227" lon="101.64529">
        <ele>53.73</ele>
      </trkpt>
      <trkpt lat="3.02278" lon="101.64532">
        <ele>54.93</ele>
      </trkpt>
      <trkpt lat="3.02281" lon="101.64534">
        <ele>55.61</ele>
      </trkpt>
      <trkpt lat="3.02283" lon="101.64535">
        <ele>55.98</ele>
      </trkpt>
      <trkpt lat="3.02285" lon="101.64535">
        <ele>56.14</ele>
      </trkpt>
      <trkpt lat="3.02286" lon="101.64536">
        <ele>56.4</ele>
      </trkpt>
      <trkpt lat="3.02288" lon="101.64536">
        <ele>56.55</ele>
      </trkpt>
      <trkpt lat="3.02292" lon="101.64538">
        <ele>57.18</ele>
      </trkpt>
      <trkpt lat="3.02296" lon="101.64539">
        <ele>57.6</ele>
      </trkpt>
      <trkpt lat="3.02298" lon="101.6454">
        <ele>57.86</ele>
      </trkpt>
      <trkpt lat="3.023" lon="101.6454">
        <ele>57.98</ele>
      </trkpt>
      <trkpt lat="3.02302" lon="101.64541">
        <ele>58.23</ele>
      </trkpt>
      <trkpt lat="3.02309" lon="101.64543">
        <ele>58.17</ele>
      </trkpt>
      <trkpt lat="3.02319" lon="101.64541">
        <ele>56.45</ele>
      </trkpt>
      <trkpt lat="3.02325" lon="101.64539">
        <ele>55.14</ele>
      </trkpt>
      <trkpt lat="3.02329" lon="101.64538">
        <ele>54.28</ele>
      </trkpt>
      <trkpt lat="3.02332" lon="101.64537">
        <ele>53.55</ele>
      </trkpt>
      <trkpt lat="3.02341" lon="101.64532">
        <ele>50.89</ele>
      </trkpt>
      <trkpt lat="3.02351" lon="101.64526">
        <ele>47.76</ele>
      </trkpt>
      <trkpt lat="3.02359" lon="101.64521">
        <ele>46.14</ele>
      </trkpt>
      <trkpt lat="3.02365" lon="101.64518">
        <ele>44.33</ele>
      </trkpt>
      <trkpt lat="3.02367" lon="101.64517">
        <ele>43.59</ele>
      </trkpt>
      <trkpt lat="3.0237" lon="101.64516">
        <ele>42.47</ele>
      </trkpt>
      <trkpt lat="3.02372" lon="101.64515">
        <ele>41.68</ele>
      </trkpt>
      <trkpt lat="3.02375" lon="101.64513">
        <ele>40.4</ele>
      </trkpt>
      <trkpt lat="3.02383" lon="101.6451">
        <ele>37.04</ele>
      </trkpt>
      <trkpt lat="3.02395" lon="101.64505">
        <ele>33.86</ele>
      </trkpt>
      <trkpt lat="3.02397" lon="101.64505">
        <ele>33.85</ele>
      </trkpt>
      <trkpt lat="3.02399" lon="101.64504">
        <ele>33.67</ele>
      </trkpt>
      <trkpt lat="3.02403" lon="101.64503">
        <ele>33.49</ele>
      </trkpt>
      <trkpt lat="3.02406" lon="101.64502">
        <ele>33.32</ele>
      </trkpt>
      <trkpt lat="3.02409" lon="101.64502">
        <ele>33.31</ele>
      </trkpt>
      <trkpt lat="3.02416" lon="101.64499">
        <ele>32.83</ele>
      </trkpt>
      <trkpt lat="3.02429" lon="101.64496">
        <ele>30.57</ele>
      </trkpt>
      <trkpt lat="3.02435" lon="101.64491">
        <ele>29.79</ele>
      </trkpt>
      <trkpt lat="3.02441" lon="101.64488">
        <ele>29.49</ele>
      </trkpt>
      <trkpt lat="3.02448" lon="101.64485">
        <ele>30.98</ele>
      </trkpt>
      <trkpt lat="3.02448" lon="101.64485">
        <ele>30.98</ele>
      </trkpt>
      <trkpt lat="3.02455" lon="101.64483">
        <ele>33.95</ele>
      </trkpt>
      <trkpt lat="3.02458" lon="101.64483">
        <ele>35.12</ele>
      </trkpt>
      <trkpt lat="3.02462" lon="101.64481">
        <ele>37.04</ele>
      </trkpt>
      <trkpt lat="3.02472" lon="101.64481">
        <ele>41.02</ele>
      </trkpt>
      <trkpt lat="3.02478" lon="101.6448">
        <ele>42.33</ele>
      </trkpt>
      <trkpt lat="3.02486" lon="101.64478">
        <ele>44.05</ele>
      </trkpt>
      <trkpt lat="3.02495" lon="101.64478">
        <ele>45.54</ele>
      </trkpt>
      <trkpt lat="3.02501" lon="101.64477">
        <ele>46.42</ele>
      </trkpt>
      <trkpt lat="3.02503" lon="101.64478">
        <ele>46.2</ele>
      </trkpt>
      <trkpt lat="3.02516" lon="101.64478">
        <ele>45.46</ele>
      </trkpt>
      <trkpt lat="3.0252" lon="101.64479">
        <ele>45.18</ele>
      </trkpt>
      <trkpt lat="3.02522" lon="101.64479">
        <ele>45.07</ele>
      </trkpt>
      <trkpt lat="3.02526" lon="101.64477">
        <ele>44.93</ele>
      </trkpt>
      <trkpt lat="3.0253" lon="101.64477">
        <ele>45.37</ele>
      </trkpt>
      <trkpt lat="3.02533" lon="101.64476">
        <ele>46.15</ele>
      </trkpt>
      <trkpt lat="3.02537" lon="101.64476">
        <ele>47.14</ele>
      </trkpt>
      <trkpt lat="3.02537" lon="101.64476">
        <ele>47.14</ele>
      </trkpt>
      <trkpt lat="3.02545" lon="101.64474">
        <ele>49.24</ele>
      </trkpt>
      <trkpt lat="3.02557" lon="101.64472">
        <ele>52.16</ele>
      </trkpt>
      <trkpt lat="3.02563" lon="101.6447">
        <ele>52.85</ele>
      </trkpt>
      <trkpt lat="3.0257" lon="101.6447">
        <ele>53.64</ele>
      </trkpt>
      <trkpt lat="3.02575" lon="101.6447">
        <ele>54.21</ele>
      </trkpt>
      <trkpt lat="3.02581" lon="101.64469">
        <ele>54.96</ele>
      </trkpt>
      <trkpt lat="3.02585" lon="101.64469">
        <ele>55.6</ele>
      </trkpt>
      <trkpt lat="3.02588" lon="101.64469">
        <ele>56.26</ele>
      </trkpt>
      <trkpt lat="3.02596" lon="101.64469">
        <ele>58.02</ele>
      </trkpt>
      <trkpt lat="3.02603" lon="101.6447">
        <ele>59.46</ele>
      </trkpt>
      <trkpt lat="3.02619" lon="101.64474">
        <ele>61.58</ele>
      </trkpt>
      <trkpt lat="3.02622" lon="101.64474">
        <ele>61.87</ele>
      </trkpt>
      <trkpt lat="3.02625" lon="101.64475">
        <ele>62.25</ele>
      </trkpt>
      <trkpt lat="3.02626" lon="101.64475">
        <ele>62.36</ele>
      </trkpt>
      <trkpt lat="3.02629" lon="101.64475">
        <ele>62.7</ele>
      </trkpt>
      <trkpt lat="3.02634" lon="101.64477">
        <ele>63.69</ele>
      </trkpt>
      <trkpt lat="3.02648" lon="101.64476">
        <ele>67.37</ele>
      </trkpt>
      <trkpt lat="3.02655" lon="101.64475">
        <ele>69.6</ele>
      </trkpt>
      <trkpt lat="3.02659" lon="101.64472">
        <ele>70.24</ele>
      </trkpt>
      <trkpt lat="3.02663" lon="101.6447">
        <ele>71.65</ele>
      </trkpt>
      <trkpt lat="3.02665" lon="101.64467">
        <ele>72.27</ele>
      </trkpt>
      <trkpt lat="3.02667" lon="101.64465">
        <ele>72.83</ele>
      </trkpt>
      <trkpt lat="3.02668" lon="101.64463">
        <ele>73.04</ele>
      </trkpt>
      <trkpt lat="3.02669" lon="101.6446">
        <ele>73.25</ele>
      </trkpt>
      <trkpt lat="3.0267" lon="101.64457">
        <ele>73.5</ele>
      </trkpt>
      <trkpt lat="3.0267" lon="101.64445">
        <ele>73.33</ele>
      </trkpt>
      <trkpt lat="3.02669" lon="101.64438">
        <ele>74.26</ele>
      </trkpt>
      <trkpt lat="3.02668" lon="101.64432">
        <ele>75.15</ele>
      </trkpt>
      <trkpt lat="3.02666" lon="101.64423">
        <ele>76.46</ele>
      </trkpt>
      <trkpt lat="3.02666" lon="101.6442">
        <ele>77.1</ele>
      </trkpt>
      <trkpt lat="3.02666" lon="101.64416">
        <ele>77.88</ele>
      </trkpt>
      <trkpt lat="3.02667" lon="101.64412">
        <ele>78.6</ele>
      </trkpt>
      <trkpt lat="3.02667" lon="101.64409">
        <ele>78.93</ele>
      </trkpt>
      <trkpt lat="3.02668" lon="101.64406">
        <ele>79.55</ele>
      </trkpt>
      <trkpt lat="3.02667" lon="101.64403">
        <ele>79.58</ele>
      </trkpt>
      <trkpt lat="3.02668" lon="101.64402">
        <ele>79.99</ele>
      </trkpt>
      <trkpt lat="3.02666" lon="101.64395">
        <ele>80.3</ele>
      </trkpt>
      <trkpt lat="3.02667" lon="101.64385">
        <ele>80.96</ele>
      </trkpt>
      <trkpt lat="3.02666" lon="101.64383">
        <ele>80.78</ele>
      </trkpt>
      <trkpt lat="3.02666" lon="101.64378">
        <ele>80.6</ele>
      </trkpt>
      <trkpt lat="3.02667" lon="101.64375">
        <ele>80.6</ele>
      </trkpt>
      <trkpt lat="3.02667" lon="101.64372">
        <ele>80.49</ele>
      </trkpt>
      <trkpt lat="3.02669" lon="101.64367">
        <ele>80.84</ele>
      </trkpt>
      <trkpt lat="3.02669" lon="101.64365">
        <ele>80.75</ele>
      </trkpt>
      <trkpt lat="3.02668" lon="101.64361">
        <ele>80.35</ele>
      </trkpt>
      <trkpt lat="3.02668" lon="101.64354">
        <ele>81.29</ele>
      </trkpt>
      <trkpt lat="3.02667" lon="101.64351">
        <ele>81.51</ele>
      </trkpt>
      <trkpt lat="3.02667" lon="101.64347">
        <ele>82.08</ele>
      </trkpt>
      <trkpt lat="3.02667" lon="101.64345">
        <ele>82.36</ele>
      </trkpt>
      <trkpt lat="3.02666" lon="101.64341">
        <ele>83.05</ele>
      </trkpt>
      <trkpt lat="3.02665" lon="101.64337">
        <ele>83.93</ele>
      </trkpt>
      <trkpt lat="3.02665" lon="101.64337">
        <ele>83.93</ele>
      </trkpt>
      <trkpt lat="3.02663" lon="101.64333">
        <ele>85.12</ele>
      </trkpt>
      <trkpt lat="3.02662" lon="101.64331">
        <ele>85.02</ele>
      </trkpt>
      <trkpt lat="3.02661" lon="101.64328">
        <ele>84.72</ele>
      </trkpt>
      <trkpt lat="3.02659" lon="101.64326">
        <ele>84.97</ele>
      </trkpt>
      <trkpt lat="3.02657" lon="101.64323">
        <ele>85.03</ele>
      </trkpt>
      <trkpt lat="3.02656" lon="101.64321">
        <ele>84.96</ele>
      </trkpt>
      <trkpt lat="3.02655" lon="101.64319">
        <ele>84.9</ele>
      </trkpt>
      <trkpt lat="3.02655" lon="101.64316">
        <ele>84.3</ele>
      </trkpt>
      <trkpt lat="3.02655" lon="101.64313">
        <ele>83.7</ele>
      </trkpt>
      <trkpt lat="3.02656" lon="101.64311">
        <ele>82.94</ele>
      </trkpt>
      <trkpt lat="3.02656" lon="101.64306">
        <ele>81.93</ele>
      </trkpt>
      <trkpt lat="3.02655" lon="101.64303">
        <ele>81.53</ele>
      </trkpt>
      <trkpt lat="3.02655" lon="101.64302">
        <ele>81.27</ele>
      </trkpt>
      <trkpt lat="3.02655" lon="101.643">
        <ele>80.75</ele>
      </trkpt>
      <trkpt lat="3.0265" lon="101.64292">
        <ele>80.19</ele>
      </trkpt>
      <trkpt lat="3.02649" lon="101.64288">
        <ele>79.36</ele>
      </trkpt>
      <trkpt lat="3.02647" lon="101.64286">
        <ele>79.36</ele>
      </trkpt>
      <trkpt lat="3.02647" lon="101.6428">
        <ele>77.61</ele>
      </trkpt>
      <trkpt lat="3.02645" lon="101.64276">
        <ele>77.3</ele>
      </trkpt>
      <trkpt lat="3.02645" lon="101.64274">
        <ele>77.11</ele>
      </trkpt>
      <trkpt lat="3.02646" lon="101.64271">
        <ele>76.6</ele>
      </trkpt>
      <trkpt lat="3.02646" lon="101.64265">
        <ele>76.06</ele>
      </trkpt>
      <trkpt lat="3.02651" lon="101.64256">
        <ele>74.28</ele>
      </trkpt>
      <trkpt lat="3.02653" lon="101.6425">
        <ele>73.46</ele>
      </trkpt>
      <trkpt lat="3.02654" lon="101.64249">
        <ele>73.37</ele>
      </trkpt>
      <trkpt lat="3.02654" lon="101.64247">
        <ele>73.55</ele>
      </trkpt>
      <trkpt lat="3.02655" lon="101.64244">
        <ele>73.62</ele>
      </trkpt>
      <trkpt lat="3.02657" lon="101.64239">
        <ele>73.67</ele>
      </trkpt>
      <trkpt lat="3.02658" lon="101.64233">
        <ele>73.97</ele>
      </trkpt>
      <trkpt lat="3.02658" lon="101.64227">
        <ele>74.47</ele>
      </trkpt>
      <trkpt lat="3.02657" lon="101.64224">
        <ele>74.94</ele>
      </trkpt>
      <trkpt lat="3.02658" lon="101.64221">
        <ele>75.01</ele>
      </trkpt>
      <trkpt lat="3.02658" lon="101.64211">
        <ele>76.11</ele>
      </trkpt>
      <trkpt lat="3.02659" lon="101.64207">
        <ele>76.39</ele>
      </trkpt>
      <trkpt lat="3.02659" lon="101.64204">
        <ele>76.74</ele>
      </trkpt>
      <trkpt lat="3.02659" lon="101.64202">
        <ele>76.97</ele>
      </trkpt>
      <trkpt lat="3.02658" lon="101.64199">
        <ele>77.43</ele>
      </trkpt>
      <trkpt lat="3.02659" lon="101.64196">
        <ele>77.65</ele>
      </trkpt>
      <trkpt lat="3.02658" lon="101.64194">
        <ele>78.02</ele>
      </trkpt>
      <trkpt lat="3.02659" lon="101.64191">
        <ele>78.5</ele>
      </trkpt>
      <trkpt lat="3.02658" lon="101.64181">
        <ele>80.54</ele>
      </trkpt>
      <trkpt lat="3.02659" lon="101.64178">
        <ele>81.05</ele>
      </trkpt>
      <trkpt lat="3.0266" lon="101.64172">
        <ele>82.18</ele>
      </trkpt>
      <trkpt lat="3.0266" lon="101.64167">
        <ele>83.17</ele>
      </trkpt>
      <trkpt lat="3.02661" lon="101.64162">
        <ele>83.54</ele>
      </trkpt>
      <trkpt lat="3.02662" lon="101.64158">
        <ele>83.84</ele>
      </trkpt>
      <trkpt lat="3.02662" lon="101.64154">
        <ele>84.15</ele>
      </trkpt>
      <trkpt lat="3.02663" lon="101.64149">
        <ele>84.62</ele>
      </trkpt>
      <trkpt lat="3.02663" lon="101.64145">
        <ele>84.96</ele>
      </trkpt>
      <trkpt lat="3.02662" lon="101.64141">
        <ele>85.16</ele>
      </trkpt>
      <trkpt lat="3.02662" lon="101.64135">
        <ele>85.0</ele>
      </trkpt>
      <trkpt lat="3.02665" lon="101.64124">
        <ele>83.94</ele>
      </trkpt>
      <trkpt lat="3.02664" lon="101.64118">
        <ele>83.33</ele>
      </trkpt>
      <trkpt lat="3.02663" lon="101.64113">
        <ele>82.97</ele>
      </trkpt>
      <trkpt lat="3.02662" lon="101.64106">
        <ele>84.69</ele>
      </trkpt>
      <trkpt lat="3.02661" lon="101.64104">
        <ele>85.52</ele>
      </trkpt>
      <trkpt lat="3.02661" lon="101.64101">
        <ele>86.49</ele>
      </trkpt>
      <trkpt lat="3.02662" lon="101.64099">
        <ele>87.0</ele>
      </trkpt>
      <trkpt lat="3.02662" lon="101.64096">
        <ele>87.99</ele>
      </trkpt>
      <trkpt lat="3.02665" lon="101.64092">
        <ele>89.03</ele>
      </trkpt>
      <trkpt lat="3.02668" lon="101.64084">
        <ele>91.67</ele>
      </trkpt>
      <trkpt lat="3.0267" lon="101.64081">
        <ele>92.17</ele>
      </trkpt>
      <trkpt lat="3.02671" lon="101.64079">
        <ele>92.44</ele>
      </trkpt>
      <trkpt lat="3.02672" lon="101.64078">
        <ele>92.54</ele>
      </trkpt>
      <trkpt lat="3.02673" lon="101.64074">
        <ele>93.15</ele>
      </trkpt>
      <trkpt lat="3.02676" lon="101.6407">
        <ele>93.57</ele>
      </trkpt>
      <trkpt lat="3.02677" lon="101.64069">
        <ele>93.64</ele>
      </trkpt>
      <trkpt lat="3.02681" lon="101.64063">
        <ele>94.25</ele>
      </trkpt>
      <trkpt lat="3.02683" lon="101.64063">
        <ele>94.05</ele>
      </trkpt>
      <trkpt lat="3.02685" lon="101.64061">
        <ele>94.17</ele>
      </trkpt>
      <trkpt lat="3.02689" lon="101.64061">
        <ele>93.77</ele>
      </trkpt>
      <trkpt lat="3.02693" lon="101.64059">
        <ele>93.65</ele>
      </trkpt>
      <trkpt lat="3.027" lon="101.64058">
        <ele>93.74</ele>
      </trkpt>
      <trkpt lat="3.02709" lon="101.64057">
        <ele>93.93</ele>
      </trkpt>
      <trkpt lat="3.0272" lon="101.64056">
        <ele>94.01</ele>
      </trkpt>
      <trkpt lat="3.02728" lon="101.64044">
        <ele>92.58</ele>
      </trkpt>
      <trkpt lat="3.02731" lon="101.64039">
        <ele>91.91</ele>
      </trkpt>
      <trkpt lat="3.02733" lon="101.64035">
        <ele>91.28</ele>
      </trkpt>
      <trkpt lat="3.02737" lon="101.64028">
        <ele>90.11</ele>
      </trkpt>
      <trkpt lat="3.02737" lon="101.64028">
        <ele>90.11</ele>
      </trkpt>
      <trkpt lat="3.0274" lon="101.64021">
        <ele>88.99</ele>
      </trkpt>
      <trkpt lat="3.02743" lon="101.64011">
        <ele>87.18</ele>
      </trkpt>
      <trkpt lat="3.02743" lon="101.6401">
        <ele>86.98</ele>
      </trkpt>
      <trkpt lat="3.02746" lon="101.63997">
        <ele>85.46</ele>
      </trkpt>
      <trkpt lat="3.02746" lon="101.63992">
        <ele>86.23</ele>
      </trkpt>
      <trkpt lat="3.02747" lon="101.63989">
        <ele>86.77</ele>
      </trkpt>
      <trkpt lat="3.0275" lon="101.63983">
        <ele>88.06</ele>
      </trkpt>
      <trkpt lat="3.0275" lon="101.63982">
        <ele>88.24</ele>
      </trkpt>
      <trkpt lat="3.0275" lon="101.63971">
        <ele>90.09</ele>
      </trkpt>
      <trkpt lat="3.02748" lon="101.63967">
        <ele>89.95</ele>
      </trkpt>
      <trkpt lat="3.02741" lon="101.63959">
        <ele>88.56</ele>
      </trkpt>
      <trkpt lat="3.0274" lon="101.63955">
        <ele>88.32</ele>
      </trkpt>
      <trkpt lat="3.02739" lon="101.63953">
        <ele>88.03</ele>
      </trkpt>
      <trkpt lat="3.02737" lon="101.6395">
        <ele>87.39</ele>
      </trkpt>
      <trkpt lat="3.02737" lon="101.63947">
        <ele>87.35</ele>
      </trkpt>
      <trkpt lat="3.02736" lon="101.63945">
        <ele>86.97</ele>
      </trkpt>
      <trkpt lat="3.02735" lon="101.63943">
        <ele>86.57</ele>
      </trkpt>
      <trkpt lat="3.02733" lon="101.63939">
        <ele>85.9</ele>
      </trkpt>
      <trkpt lat="3.02732" lon="101.63933">
        <ele>85.72</ele>
      </trkpt>
      <trkpt lat="3.02733" lon="101.63926">
        <ele>85.96</ele>
      </trkpt>
      <trkpt lat="3.02735" lon="101.63923">
        <ele>86.14</ele>
      </trkpt>
      <trkpt lat="3.02736" lon="101.63919">
        <ele>86.08</ele>
      </trkpt>
      <trkpt lat="3.02742" lon="101.63913">
        <ele>86.1</ele>
      </trkpt>
      <trkpt lat="3.0275" lon="101.6391">
        <ele>85.76</ele>
      </trkpt>
      <trkpt lat="3.02756" lon="101.63909">
        <ele>85.41</ele>
      </trkpt>
      <trkpt lat="3.0276" lon="101.63907">
        <ele>85.18</ele>
      </trkpt>
      <trkpt lat="3.0277" lon="101.63905">
        <ele>84.74</ele>
      </trkpt>
      <trkpt lat="3.02774" lon="101.63903">
        <ele>84.63</ele>
      </trkpt>
      <trkpt lat="3.02781" lon="101.639">
        <ele>84.95</ele>
      </trkpt>
      <trkpt lat="3.02788" lon="101.63898">
        <ele>85.51</ele>
      </trkpt>
      <trkpt lat="3.02794" lon="101.63895">
        <ele>85.48</ele>
      </trkpt>
      <trkpt lat="3.02799" lon="101.63894">
        <ele>85.46</ele>
      </trkpt>
      <trkpt lat="3.02807" lon="101.63893">
        <ele>85.39</ele>
      </trkpt>
      <trkpt lat="3.02813" lon="101.6389">
        <ele>84.83</ele>
      </trkpt>
      <trkpt lat="3.02817" lon="101.63889">
        <ele>84.85</ele>
      </trkpt>
      <trkpt lat="3.02825" lon="101.63886">
        <ele>85.49</ele>
      </trkpt>
      <trkpt lat="3.0283" lon="101.63884">
        <ele>85.82</ele>
      </trkpt>
      <trkpt lat="3.02839" lon="101.63879">
        <ele>85.11</ele>
      </trkpt>
      <trkpt lat="3.02846" lon="101.63878">
        <ele>84.0</ele>
      </trkpt>
      <trkpt lat="3.02854" lon="101.63874">
        <ele>82.63</ele>
      </trkpt>
      <trkpt lat="3.02864" lon="101.63872">
        <ele>81.33</ele>
      </trkpt>
      <trkpt lat="3.02871" lon="101.63869">
        <ele>81.24</ele>
      </trkpt>
      <trkpt lat="3.02877" lon="101.63868">
        <ele>81.25</ele>
      </trkpt>
      <trkpt lat="3.02879" lon="101.63866">
        <ele>81.37</ele>
      </trkpt>
      <trkpt lat="3.02882" lon="101.63864">
        <ele>81.54</ele>
      </trkpt>
      <trkpt lat="3.02885" lon="101.63862">
        <ele>81.78</ele>
      </trkpt>
      <trkpt lat="3.02888" lon="101.63859">
        <ele>81.91</ele>
      </trkpt>
      <trkpt lat="3.02895" lon="101.63854">
        <ele>79.17</ele>
      </trkpt>
      <trkpt lat="3.02903" lon="101.63846">
        <ele>76.23</ele>
      </trkpt>
      <trkpt lat="3.02908" lon="101.6384">
        <ele>74.91</ele>
      </trkpt>
      <trkpt lat="3.02916" lon="101.63831">
        <ele>73.86</ele>
      </trkpt>
      <trkpt lat="3.02923" lon="101.63819">
        <ele>77.8</ele>
      </trkpt>
      <trkpt lat="3.02926" lon="101.63812">
        <ele>79.79</ele>
      </trkpt>
      <trkpt lat="3.02928" lon="101.63808">
        <ele>80.85</ele>
      </trkpt>
      <trkpt lat="3.02928" lon="101.63805">
        <ele>81.54</ele>
      </trkpt>
      <trkpt lat="3.02928" lon="101.63802">
        <ele>82.28</ele>
      </trkpt>
      <trkpt lat="3.02929" lon="101.63798">
        <ele>83.26</ele>
      </trkpt>
      <trkpt lat="3.02929" lon="101.63797">
        <ele>83.5</ele>
      </trkpt>
      <trkpt lat="3.02928" lon="101.63794">
        <ele>84.23</ele>
      </trkpt>
      <trkpt lat="3.02927" lon="101.63792">
        <ele>84.73</ele>
      </trkpt>
      <trkpt lat="3.02926" lon="101.6379">
        <ele>85.25</ele>
      </trkpt>
      <trkpt lat="3.02926" lon="101.63789">
        <ele>85.5</ele>
      </trkpt>
      <trkpt lat="3.02926" lon="101.63783">
        <ele>87.01</ele>
      </trkpt>
      <trkpt lat="3.02926" lon="101.63779">
        <ele>88.02</ele>
      </trkpt>
      <trkpt lat="3.02925" lon="101.63778">
        <ele>88.34</ele>
      </trkpt>
      <trkpt lat="3.02924" lon="101.63775">
        <ele>89.1</ele>
      </trkpt>
      <trkpt lat="3.02924" lon="101.63773">
        <ele>89.55</ele>
      </trkpt>
      <trkpt lat="3.02924" lon="101.63769">
        <ele>90.45</ele>
      </trkpt>
      <trkpt lat="3.02921" lon="101.63758">
        <ele>93.07</ele>
      </trkpt>
      <trkpt lat="3.02915" lon="101.63741">
        <ele>97.61</ele>
      </trkpt>
      <trkpt lat="3.0292" lon="101.63738">
        <ele>97.96</ele>
      </trkpt>
      <trkpt lat="3.02922" lon="101.63734">
        <ele>98.95</ele>
      </trkpt>
      <trkpt lat="3.02927" lon="101.63728">
        <ele>100.47</ele>
      </trkpt>
      <trkpt lat="3.02929" lon="101.63723">
        <ele>101.79</ele>
      </trkpt>
      <trkpt lat="3.0293" lon="101.6372">
        <ele>102.53</ele>
      </trkpt>
      <trkpt lat="3.02929" lon="101.63718">
        <ele>103.05</ele>
      </trkpt>
      <trkpt lat="3.02928" lon="101.63716">
        <ele>103.6</ele>
      </trkpt>
      <trkpt lat="3.02928" lon="101.63715">
        <ele>103.86</ele>
      </trkpt>
      <trkpt lat="3.02928" lon="101.63712">
        <ele>104.63</ele>
      </trkpt>
      <trkpt lat="3.02925" lon="101.63708">
        <ele>106.04</ele>
      </trkpt>
      <trkpt lat="3.02922" lon="101.637">
        <ele>108.92</ele>
      </trkpt>
      <trkpt lat="3.02921" lon="101.63694">
        <ele>110.84</ele>
      </trkpt>
      <trkpt lat="3.02917" lon="101.63687">
        <ele>110.6</ele>
      </trkpt>
      <trkpt lat="3.02917" lon="101.63684">
        <ele>110.06</ele>
      </trkpt>
      <trkpt lat="3.02914" lon="101.63679">
        <ele>109.38</ele>
      </trkpt>
      <trkpt lat="3.02914" lon="101.63675">
        <ele>108.83</ele>
      </trkpt>
      <trkpt lat="3.02911" lon="101.63667">
        <ele>108.46</ele>
      </trkpt>
      <trkpt lat="3.02911" lon="101.63664">
        <ele>108.62</ele>
      </trkpt>
      <trkpt lat="3.02909" lon="101.63658">
        <ele>109.56</ele>
      </trkpt>
      <trkpt lat="3.02909" lon="101.63654">
        <ele>109.84</ele>
      </trkpt>
      <trkpt lat="3.02905" lon="101.63644">
        <ele>111.57</ele>
      </trkpt>
      <trkpt lat="3.02906" lon="101.63641">
        <ele>111.54</ele>
      </trkpt>
      <trkpt lat="3.02908" lon="101.63635">
        <ele>111.56</ele>
      </trkpt>
      <trkpt lat="3.02909" lon="101.63632">
        <ele>111.61</ele>
      </trkpt>
      <trkpt lat="3.02912" lon="101.63628">
        <ele>111.29</ele>
      </trkpt>
      <trkpt lat="3.02914" lon="101.63626">
        <ele>111.02</ele>
      </trkpt>
      <trkpt lat="3.02916" lon="101.63623">
        <ele>110.87</ele>
      </trkpt>
      <trkpt lat="3.02917" lon="101.63617">
        <ele>111.19</ele>
      </trkpt>
      <trkpt lat="3.02916" lon="101.63614">
        <ele>111.83</ele>
      </trkpt>
      <trkpt lat="3.02915" lon="101.63611">
        <ele>112.35</ele>
      </trkpt>
      <trkpt lat="3.02915" lon="101.63608">
        <ele>112.02</ele>
      </trkpt>
      <trkpt lat="3.0292" lon="101.63601">
        <ele>109.12</ele>
      </trkpt>
      <trkpt lat="3.0292" lon="101.63597">
        <ele>108.74</ele>
      </trkpt>
      <trkpt lat="3.02919" lon="101.63591">
        <ele>108.67</ele>
      </trkpt>
      <trkpt lat="3.02918" lon="101.63588">
        <ele>108.86</ele>
      </trkpt>
      <trkpt lat="3.02918" lon="101.63586">
        <ele>108.65</ele>
      </trkpt>
      <trkpt lat="3.02915" lon="101.63578">
        <ele>106.22</ele>
      </trkpt>
      <trkpt lat="3.02915" lon="101.63573">
        <ele>103.33</ele>
      </trkpt>
      <trkpt lat="3.02914" lon="101.63569">
        <ele>101.5</ele>
      </trkpt>
      <trkpt lat="3.02914" lon="101.63566">
        <ele>99.83</ele>
      </trkpt>
      <trkpt lat="3.02915" lon="101.63564">
        <ele>98.14</ele>
      </trkpt>
      <trkpt lat="3.02918" lon="101.63561">
        <ele>95.25</ele>
      </trkpt>
      <trkpt lat="3.02923" lon="101.63559">
        <ele>93.94</ele>
      </trkpt>
      <trkpt lat="3.02925" lon="101.63559">
        <ele>93.89</ele>
      </trkpt>
      <trkpt lat="3.02928" lon="101.63557">
        <ele>92.99</ele>
      </trkpt>
      <trkpt lat="3.0293" lon="101.63555">
        <ele>92.42</ele>
      </trkpt>
      <trkpt lat="3.02933" lon="101.63553">
        <ele>92.26</ele>
      </trkpt>
      <trkpt lat="3.02936" lon="101.63551">
        <ele>92.01</ele>
      </trkpt>
      <trkpt lat="3.02938" lon="101.63549">
        <ele>91.68</ele>
      </trkpt>
      <trkpt lat="3.02938" lon="101.63546">
        <ele>91.18</ele>
      </trkpt>
      <trkpt lat="3.02937" lon="101.63544">
        <ele>90.9</ele>
      </trkpt>
      <trkpt lat="3.02937" lon="101.6354">
        <ele>90.27</ele>
      </trkpt>
      <trkpt lat="3.02941" lon="101.63531">
        <ele>88.23</ele>
      </trkpt>
      <trkpt lat="3.02943" lon="101.63522">
        <ele>85.83</ele>
      </trkpt>
      <trkpt lat="3.02943" lon="101.63517">
        <ele>84.58</ele>
      </trkpt>
      <trkpt lat="3.02947" lon="101.63509">
        <ele>82.98</ele>
      </trkpt>
      <trkpt lat="3.02948" lon="101.63507">
        <ele>82.79</ele>
      </trkpt>
      <trkpt lat="3.02951" lon="101.63504">
        <ele>83.0</ele>
      </trkpt>
      <trkpt lat="3.02957" lon="101.63501">
        <ele>84.25</ele>
      </trkpt>
      <trkpt lat="3.02969" lon="101.63492">
        <ele>90.35</ele>
      </trkpt>
      <trkpt lat="3.02972" lon="101.63489">
        <ele>92.47</ele>
      </trkpt>
      <trkpt lat="3.02974" lon="101.63487">
        <ele>94.4</ele>
      </trkpt>
      <trkpt lat="3.02974" lon="101.63485">
        <ele>95.04</ele>
      </trkpt>
      <trkpt lat="3.02974" lon="101.63484">
        <ele>95.35</ele>
      </trkpt>
      <trkpt lat="3.02974" lon="101.63482">
        <ele>95.99</ele>
      </trkpt>
      <trkpt lat="3.02974" lon="101.6348">
        <ele>96.62</ele>
      </trkpt>
      <trkpt lat="3.02975" lon="101.63475">
        <ele>98.83</ele>
      </trkpt>
      <trkpt lat="3.02975" lon="101.63469">
        <ele>100.14</ele>
      </trkpt>
      <trkpt lat="3.02975" lon="101.63468">
        <ele>100.28</ele>
      </trkpt>
      <trkpt lat="3.02976" lon="101.63466">
        <ele>101.07</ele>
      </trkpt>
      <trkpt lat="3.02978" lon="101.63463">
        <ele>102.37</ele>
      </trkpt>
      <trkpt lat="3.02979" lon="101.63461">
        <ele>102.99</ele>
      </trkpt>
      <trkpt lat="3.02981" lon="101.63459">
        <ele>103.95</ele>
      </trkpt>
      <trkpt lat="3.02981" lon="101.63457">
        <ele>104.03</ele>
      </trkpt>
      <trkpt lat="3.02983" lon="101.63455">
        <ele>104.81</ele>
      </trkpt>
      <trkpt lat="3.02984" lon="101.63453">
        <ele>105.15</ele>
      </trkpt>
      <trkpt lat="3.02984" lon="101.63445">
        <ele>105.12</ele>
      </trkpt>
      <trkpt lat="3.02984" lon="101.63442">
        <ele>105.47</ele>
      </trkpt>
      <trkpt lat="3.02983" lon="101.63438">
        <ele>105.8</ele>
      </trkpt>
      <trkpt lat="3.02979" lon="101.63434">
        <ele>105.24</ele>
      </trkpt>
      <trkpt lat="3.02978" lon="101.63433">
        <ele>105.05</ele>
      </trkpt>
      <trkpt lat="3.02976" lon="101.63432">
        <ele>104.55</ele>
      </trkpt>
      <trkpt lat="3.02972" lon="101.63433">
        <ele>103.36</ele>
      </trkpt>
      <trkpt lat="3.02965" lon="101.63432">
        <ele>101.84</ele>
      </trkpt>
      <trkpt lat="3.02963" lon="101.6343">
        <ele>101.78</ele>
      </trkpt>
      <trkpt lat="3.02961" lon="101.6343">
        <ele>101.4</ele>
      </trkpt>
      <trkpt lat="3.02959" lon="101.63427">
        <ele>101.8</ele>
      </trkpt>
      <trkpt lat="3.02955" lon="101.63424">
        <ele>102.23</ele>
      </trkpt>
      <trkpt lat="3.02952" lon="101.63423">
        <ele>102.34</ele>
      </trkpt>
      <trkpt lat="3.02949" lon="101.63422">
        <ele>102.56</ele>
      </trkpt>
      <trkpt lat="3.02946" lon="101.63422">
        <ele>102.4</ele>
      </trkpt>
      <trkpt lat="3.02941" lon="101.63421">
        <ele>102.27</ele>
      </trkpt>
      <trkpt lat="3.02935" lon="101.63421">
        <ele>101.33</ele>
      </trkpt>
      <trkpt lat="3.02928" lon="101.63422">
        <ele>99.81</ele>
      </trkpt>
      <trkpt lat="3.02921" lon="101.63426">
        <ele>97.21</ele>
      </trkpt>
      <trkpt lat="3.02916" lon="101.63426">
        <ele>96.98</ele>
      </trkpt>
      <trkpt lat="3.02914" lon="101.63425">
        <ele>98.41</ele>
      </trkpt>
      <trkpt lat="3.0291" lon="101.63421">
        <ele>102.35</ele>
      </trkpt>
      <trkpt lat="3.02907" lon="101.63418">
        <ele>105.6</ele>
      </trkpt>
      <trkpt lat="3.02903" lon="101.63417">
        <ele>108.67</ele>
      </trkpt>
      <trkpt lat="3.02899" lon="101.63416">
        <ele>111.78</ele>
      </trkpt>
      <trkpt lat="3.02892" lon="101.63416">
        <ele>116.32</ele>
      </trkpt>
      <trkpt lat="3.02889" lon="101.63414">
        <ele>119.27</ele>
      </trkpt>
      <trkpt lat="3.02888" lon="101.6341">
        <ele>121.87</ele>
      </trkpt>
      <trkpt lat="3.02889" lon="101.63406">
        <ele>123.3</ele>
      </trkpt>
      <trkpt lat="3.02892" lon="101.634">
        <ele>124.38</ele>
      </trkpt>
      <trkpt lat="3.02892" lon="101.63397">
        <ele>125.9</ele>
      </trkpt>
      <trkpt lat="3.02893" lon="101.63393">
        <ele>127.26</ele>
      </trkpt>
      <trkpt lat="3.02893" lon="101.63389">
        <ele>129.28</ele>
      </trkpt>
      <trkpt lat="3.02893" lon="101.63386">
        <ele>129.73</ele>
      </trkpt>
      <trkpt lat="3.02893" lon="101.63383">
        <ele>130.14</ele>
      </trkpt>
      <trkpt lat="3.02893" lon="101.6338">
        <ele>130.54</ele>
      </trkpt>
      <trkpt lat="3.02893" lon="101.63378">
        <ele>130.82</ele>
      </trkpt>
      <trkpt lat="3.02896" lon="101.63373">
        <ele>130.29</ele>
      </trkpt>
      <trkpt lat="3.02898" lon="101.63365">
        <ele>131.2</ele>
      </trkpt>
      <trkpt lat="3.02898" lon="101.63362">
        <ele>131.84</ele>
      </trkpt>
      <trkpt lat="3.02897" lon="101.63359">
        <ele>132.63</ele>
      </trkpt>
      <trkpt lat="3.02897" lon="101.63356">
        <ele>133.18</ele>
      </trkpt>
      <trkpt lat="3.02898" lon="101.63352">
        <ele>133.87</ele>
      </trkpt>
      <trkpt lat="3.02897" lon="101.63349">
        <ele>134.47</ele>
      </trkpt>
      <trkpt lat="3.02896" lon="101.63347">
        <ele>134.79</ele>
      </trkpt>
      <trkpt lat="3.02886" lon="101.6334">
        <ele>135.33</ele>
      </trkpt>
      <trkpt lat="3.02884" lon="101.63334">
        <ele>135.86</ele>
      </trkpt>
      <trkpt lat="3.02878" lon="101.63326">
        <ele>138.6</ele>
      </trkpt>
      <trkpt lat="3.02876" lon="101.6332">
        <ele>140.23</ele>
      </trkpt>
      <trkpt lat="3.02876" lon="101.63319">
        <ele>140.45</ele>
      </trkpt>
      <trkpt lat="3.02878" lon="101.63317">
        <ele>140.62</ele>
      </trkpt>
      <trkpt lat="3.0288" lon="101.63315">
        <ele>140.8</ele>
      </trkpt>
      <trkpt lat="3.02882" lon="101.63313">
        <ele>141.0</ele>
      </trkpt>
      <trkpt lat="3.02884" lon="101.6331">
        <ele>141.46</ele>
      </trkpt>
      <trkpt lat="3.02885" lon="101.63309">
        <ele>141.59</ele>
      </trkpt>
      <trkpt lat="3.02886" lon="101.63307">
        <ele>141.96</ele>
      </trkpt>
      <trkpt lat="3.02887" lon="101.63306">
        <ele>142.09</ele>
      </trkpt>
      <trkpt lat="3.02889" lon="101.63304">
        <ele>142.0</ele>
      </trkpt>
      <trkpt lat="3.02893" lon="101.63302">
        <ele>144.15</ele>
      </trkpt>
      <trkpt lat="3.02895" lon="101.63301">
        <ele>145.24</ele>
      </trkpt>
      <trkpt lat="3.02896" lon="101.63298">
        <ele>145.78</ele>
      </trkpt>
      <trkpt lat="3.02897" lon="101.63297">
        <ele>146.34</ele>
      </trkpt>
      <trkpt lat="3.02897" lon="101.63294">
        <ele>146.33</ele>
      </trkpt>
      <trkpt lat="3.02895" lon="101.63291">
        <ele>145.12</ele>
      </trkpt>
      <trkpt lat="3.02894" lon="101.6329">
        <ele>144.51</ele>
      </trkpt>
      <trkpt lat="3.02894" lon="101.63288">
        <ele>144.48</ele>
      </trkpt>
      <trkpt lat="3.02893" lon="101.63284">
        <ele>143.79</ele>
      </trkpt>
      <trkpt lat="3.02893" lon="101.63282">
        <ele>143.75</ele>
      </trkpt>
      <trkpt lat="3.02895" lon="101.63275">
        <ele>145.31</ele>
      </trkpt>
      <trkpt lat="3.02895" lon="101.63265">
        <ele>146.55</ele>
      </trkpt>
      <trkpt lat="3.02897" lon="101.63262">
        <ele>147.94</ele>
      </trkpt>
      <trkpt lat="3.02899" lon="101.63254">
        <ele>149.65</ele>
      </trkpt>
      <trkpt lat="3.02899" lon="101.6325">
        <ele>150.0</ele>
      </trkpt>
      <trkpt lat="3.029" lon="101.63248">
        <ele>150.33</ele>
      </trkpt>
      <trkpt lat="3.02899" lon="101.63245">
        <ele>149.89</ele>
      </trkpt>
      <trkpt lat="3.02902" lon="101.63238">
        <ele>150.45</ele>
      </trkpt>
      <trkpt lat="3.02901" lon="101.63235">
        <ele>150.06</ele>
      </trkpt>
      <trkpt lat="3.02903" lon="101.63233">
        <ele>150.32</ele>
      </trkpt>
      <trkpt lat="3.02904" lon="101.63231">
        <ele>150.32</ele>
      </trkpt>
      <trkpt lat="3.02905" lon="101.63229">
        <ele>150.26</ele>
      </trkpt>
      <trkpt lat="3.02906" lon="101.63226">
        <ele>150.05</ele>
      </trkpt>
      <trkpt lat="3.02907" lon="101.63222">
        <ele>149.64</ele>
      </trkpt>
      <trkpt lat="3.02907" lon="101.63217">
        <ele>149.31</ele>
      </trkpt>
      <trkpt lat="3.02906" lon="101.63215">
        <ele>149.04</ele>
      </trkpt>
      <trkpt lat="3.02907" lon="101.63212">
        <ele>148.98</ele>
      </trkpt>
      <trkpt lat="3.02906" lon="101.6321">
        <ele>148.64</ele>
      </trkpt>
      <trkpt lat="3.02908" lon="101.63205">
        <ele>148.8</ele>
      </trkpt>
      <trkpt lat="3.02911" lon="101.63201">
        <ele>149.61</ele>
      </trkpt>
      <trkpt lat="3.02911" lon="101.63197">
        <ele>149.57</ele>
      </trkpt>
      <trkpt lat="3.02911" lon="101.63194">
        <ele>149.63</ele>
      </trkpt>
      <trkpt lat="3.02911" lon="101.63192">
        <ele>149.97</ele>
      </trkpt>
      <trkpt lat="3.02911" lon="101.63191">
        <ele>150.15</ele>
      </trkpt>
      <trkpt lat="3.0291" lon="101.63189">
        <ele>150.05</ele>
      </trkpt>
      <trkpt lat="3.02912" lon="101.6318">
        <ele>152.5</ele>
      </trkpt>
      <trkpt lat="3.02915" lon="101.63174">
        <ele>154.92</ele>
      </trkpt>
      <trkpt lat="3.02916" lon="101.6317">
        <ele>156.09</ele>
      </trkpt>
      <trkpt lat="3.02916" lon="101.63165">
        <ele>156.93</ele>
      </trkpt>
      <trkpt lat="3.02914" lon="101.63161">
        <ele>156.57</ele>
      </trkpt>
      <trkpt lat="3.02914" lon="101.63158">
        <ele>157.0</ele>
      </trkpt>
      <trkpt lat="3.02913" lon="101.63154">
        <ele>157.11</ele>
      </trkpt>
      <trkpt lat="3.02914" lon="101.63149">
        <ele>158.3</ele>
      </trkpt>
      <trkpt lat="3.02916" lon="101.63148">
        <ele>159.38</ele>
      </trkpt>
      <trkpt lat="3.02917" lon="101.63145">
        <ele>160.19</ele>
      </trkpt>
      <trkpt lat="3.02917" lon="101.63142">
        <ele>160.61</ele>
      </trkpt>
      <trkpt lat="3.02917" lon="101.6314">
        <ele>160.89</ele>
      </trkpt>
      <trkpt lat="3.02917" lon="101.63138">
        <ele>160.98</ele>
      </trkpt>
      <trkpt lat="3.02917" lon="101.63135">
        <ele>160.76</ele>
      </trkpt>
      <trkpt lat="3.02918" lon="101.63131">
        <ele>160.6</ele>
      </trkpt>
      <trkpt lat="3.02919" lon="101.63126">
        <ele>160.33</ele>
      </trkpt>
      <trkpt lat="3.02924" lon="101.63118">
        <ele>160.15</ele>
      </trkpt>
      <trkpt lat="3.02927" lon="101.63115">
        <ele>160.13</ele>
      </trkpt>
      <trkpt lat="3.02929" lon="101.63114">
        <ele>160.19</ele>
      </trkpt>
      <trkpt lat="3.0293" lon="101.63112">
        <ele>160.05</ele>
      </trkpt>
      <trkpt lat="3.0293" lon="101.63109">
        <ele>159.77</ele>
      </trkpt>
      <trkpt lat="3.02927" lon="101.63106">
        <ele>159.21</ele>
      </trkpt>
      <trkpt lat="3.02924" lon="101.63105">
        <ele>158.82</ele>
      </trkpt>
      <trkpt lat="3.02921" lon="101.63105">
        <ele>158.53</ele>
      </trkpt>
      <trkpt lat="3.02917" lon="101.63104">
        <ele>158.01</ele>
      </trkpt>
      <trkpt lat="3.02911" lon="101.63106">
        <ele>155.83</ele>
      </trkpt>
      <trkpt lat="3.02907" lon="101.63106">
        <ele>154.12</ele>
      </trkpt>
      <trkpt lat="3.02904" lon="101.63105">
        <ele>152.6</ele>
      </trkpt>
      <trkpt lat="3.029" lon="101.63102">
        <ele>150.1</ele>
      </trkpt>
      <trkpt lat="3.02897" lon="101.63101">
        <ele>148.47</ele>
      </trkpt>
      <trkpt lat="3.02896" lon="101.631">
        <ele>147.73</ele>
      </trkpt>
      <trkpt lat="3.02896" lon="101.63099">
        <ele>147.45</ele>
      </trkpt>
      <trkpt lat="3.02894" lon="101.63094">
        <ele>145.05</ele>
      </trkpt>
      <trkpt lat="3.02894" lon="101.63094">
        <ele>145.05</ele>
      </trkpt>
      <trkpt lat="3.02894" lon="101.6309">
        <ele>143.88</ele>
      </trkpt>
      <trkpt lat="3.02893" lon="101.63088">
        <ele>142.76</ele>
      </trkpt>
      <trkpt lat="3.02892" lon="101.63087">
        <ele>141.91</ele>
      </trkpt>
      <trkpt lat="3.02891" lon="101.63086">
        <ele>141.04</ele>
      </trkpt>
      <trkpt lat="3.02889" lon="101.63085">
        <ele>139.6</ele>
      </trkpt>
      <trkpt lat="3.02886" lon="101.63085">
        <ele>138.3</ele>
      </trkpt>
      <trkpt lat="3.02882" lon="101.63083">
        <ele>136.01</ele>
      </trkpt>
      <trkpt lat="3.02878" lon="101.63082">
        <ele>134.32</ele>
      </trkpt>
      <trkpt lat="3.02873" lon="101.63081">
        <ele>132.32</ele>
      </trkpt>
      <trkpt lat="3.02869" lon="101.63079">
        <ele>130.95</ele>
      </trkpt>
      <trkpt lat="3.02866" lon="101.63079">
        <ele>129.8</ele>
      </trkpt>
      <trkpt lat="3.02862" lon="101.63078">
        <ele>128.48</ele>
      </trkpt>
      <trkpt lat="3.02859" lon="101.63078">
        <ele>128.11</ele>
      </trkpt>
      <trkpt lat="3.02854" lon="101.63081">
        <ele>127.29</ele>
      </trkpt>
      <trkpt lat="3.02848" lon="101.63083">
        <ele>126.61</ele>
      </trkpt>
      <trkpt lat="3.02844" lon="101.63084">
        <ele>126.53</ele>
      </trkpt>
      <trkpt lat="3.02836" lon="101.63083">
        <ele>126.19</ele>
      </trkpt>
      <trkpt lat="3.02832" lon="101.63083">
        <ele>125.91</ele>
      </trkpt>
      <trkpt lat="3.02829" lon="101.63081">
        <ele>126.13</ele>
      </trkpt>
      <trkpt lat="3.02825" lon="101.63081">
        <ele>125.62</ele>
      </trkpt>
      <trkpt lat="3.02819" lon="101.6308">
        <ele>125.27</ele>
      </trkpt>
      <trkpt lat="3.02814" lon="101.6308">
        <ele>124.68</ele>
      </trkpt>
      <trkpt lat="3.02809" lon="101.63082">
        <ele>123.13</ele>
      </trkpt>
      <trkpt lat="3.02806" lon="101.63084">
        <ele>121.95</ele>
      </trkpt>
      <trkpt lat="3.02802" lon="101.63086">
        <ele>120.93</ele>
      </trkpt>
      <trkpt lat="3.02796" lon="101.63089">
        <ele>119.18</ele>
      </trkpt>
      <trkpt lat="3.02789" lon="101.63092">
        <ele>116.94</ele>
      </trkpt>
      <trkpt lat="3.02784" lon="101.63095">
        <ele>114.84</ele>
      </trkpt>
      <trkpt lat="3.02783" lon="101.63096">
        <ele>114.25</ele>
      </trkpt>
      <trkpt lat="3.0278" lon="101.63101">
        <ele>111.63</ele>
      </trkpt>
      <trkpt lat="3.02778" lon="101.63103">
        <ele>110.28</ele>
      </trkpt>
      <trkpt lat="3.02773" lon="101.63105">
        <ele>109.39</ele>
      </trkpt>
      <trkpt lat="3.02769" lon="101.63106">
        <ele>109.07</ele>
      </trkpt>
      <trkpt lat="3.02765" lon="101.63106">
        <ele>109.1</ele>
      </trkpt>
      <trkpt lat="3.02762" lon="101.63107">
        <ele>108.92</ele>
      </trkpt>
      <trkpt lat="3.02747" lon="101.63107">
        <ele>108.98</ele>
      </trkpt>
      <trkpt lat="3.02743" lon="101.6311">
        <ele>108.75</ele>
      </trkpt>
      <trkpt lat="3.02739" lon="101.63114">
        <ele>108.55</ele>
      </trkpt>
      <trkpt lat="3.02734" lon="101.63116">
        <ele>108.04</ele>
      </trkpt>
      <trkpt lat="3.0273" lon="101.63117">
        <ele>107.54</ele>
      </trkpt>
      <trkpt lat="3.02727" lon="101.63118">
        <ele>107.07</ele>
      </trkpt>
      <trkpt lat="3.02723" lon="101.63118">
        <ele>106.6</ele>
      </trkpt>
      <trkpt lat="3.02719" lon="101.63118">
        <ele>106.45</ele>
      </trkpt>
      <trkpt lat="3.02711" lon="101.63119">
        <ele>106.23</ele>
      </trkpt>
      <trkpt lat="3.02705" lon="101.63123">
        <ele>106.23</ele>
      </trkpt>
      <trkpt lat="3.027" lon="101.63125">
        <ele>106.6</ele>
      </trkpt>
      <trkpt lat="3.02696" lon="101.63128">
        <ele>107.26</ele>
      </trkpt>
      <trkpt lat="3.02693" lon="101.63129">
        <ele>108.04</ele>
      </trkpt>
      <trkpt lat="3.02689" lon="101.6313">
        <ele>109.49</ele>
      </trkpt>
      <trkpt lat="3.02686" lon="101.63132">
        <ele>110.82</ele>
      </trkpt>
      <trkpt lat="3.02685" lon="101.63134">
        <ele>111.52</ele>
      </trkpt>
      <trkpt lat="3.02685" lon="101.63136">
        <ele>111.88</ele>
      </trkpt>
      <trkpt lat="3.02682" lon="101.6314">
        <ele>113.23</ele>
      </trkpt>
      <trkpt lat="3.0268" lon="101.63143">
        <ele>113.22</ele>
      </trkpt>
      <trkpt lat="3.02677" lon="101.63147">
        <ele>113.2</ele>
      </trkpt>
      <trkpt lat="3.02677" lon="101.63149">
        <ele>112.68</ele>
      </trkpt>
      <trkpt lat="3.02676" lon="101.63152">
        <ele>112.18</ele>
      </trkpt>
      <trkpt lat="3.02676" lon="101.63156">
        <ele>111.13</ele>
      </trkpt>
      <trkpt lat="3.02675" lon="101.6316">
        <ele>110.3</ele>
      </trkpt>
      <trkpt lat="3.02675" lon="101.63165">
        <ele>108.95</ele>
      </trkpt>
      <trkpt lat="3.02675" lon="101.63165">
        <ele>108.95</ele>
      </trkpt>
      <trkpt lat="3.02676" lon="101.63172">
        <ele>107.94</ele>
      </trkpt>
      <trkpt lat="3.02675" lon="101.63174">
        <ele>107.97</ele>
      </trkpt>
      <trkpt lat="3.02675" lon="101.63174">
        <ele>107.97</ele>
      </trkpt>
      <trkpt lat="3.02671" lon="101.63181">
        <ele>108.19</ele>
      </trkpt>
      <trkpt lat="3.02669" lon="101.63183">
        <ele>108.4</ele>
      </trkpt>
      <trkpt lat="3.02664" lon="101.63189">
        <ele>109.08</ele>
      </trkpt>
      <trkpt lat="3.02659" lon="101.63192">
        <ele>109.98</ele>
      </trkpt>
      <trkpt lat="3.02654" lon="101.63194">
        <ele>110.81</ele>
      </trkpt>
      <trkpt lat="3.02649" lon="101.63196">
        <ele>111.29</ele>
      </trkpt>
      <trkpt lat="3.02646" lon="101.63198">
        <ele>111.28</ele>
      </trkpt>
      <trkpt lat="3.02641" lon="101.632">
        <ele>111.73</ele>
      </trkpt>
      <trkpt lat="3.02632" lon="101.63204">
        <ele>112.17</ele>
      </trkpt>
      <trkpt lat="3.02625" lon="101.63207">
        <ele>112.97</ele>
      </trkpt>
      <trkpt lat="3.02622" lon="101.63207">
        <ele>113.62</ele>
      </trkpt>
      <trkpt lat="3.02617" lon="101.6321">
        <ele>114.51</ele>
      </trkpt>
      <trkpt lat="3.02615" lon="101.6321">
        <ele>115.01</ele>
      </trkpt>
      <trkpt lat="3.02613" lon="101.63211">
        <ele>115.5</ele>
      </trkpt>
      <trkpt lat="3.02611" lon="101.63211">
        <ele>115.99</ele>
      </trkpt>
      <trkpt lat="3.0261" lon="101.63211">
        <ele>115.86</ele>
      </trkpt>
      <trkpt lat="3.02607" lon="101.63208">
        <ele>115.48</ele>
      </trkpt>
      <trkpt lat="3.02605" lon="101.63206">
        <ele>115.25</ele>
      </trkpt>
      <trkpt lat="3.02603" lon="101.63202">
        <ele>115.04</ele>
      </trkpt>
      <trkpt lat="3.02602" lon="101.632">
        <ele>114.95</ele>
      </trkpt>
      <trkpt lat="3.02597" lon="101.63197">
        <ele>114.43</ele>
      </trkpt>
      <trkpt lat="3.02596" lon="101.63197">
        <ele>114.32</ele>
      </trkpt>
      <trkpt lat="3.02593" lon="101.63195">
        <ele>114.03</ele>
      </trkpt>
      <trkpt lat="3.0259" lon="101.63194">
        <ele>113.9</ele>
      </trkpt>
      <trkpt lat="3.02584" lon="101.63195">
        <ele>113.05</ele>
      </trkpt>
      <trkpt lat="3.02579" lon="101.63197">
        <ele>112.89</ele>
      </trkpt>
      <trkpt lat="3.02576" lon="101.63199">
        <ele>112.79</ele>
      </trkpt>
      <trkpt lat="3.02572" lon="101.63201">
        <ele>112.67</ele>
      </trkpt>
      <trkpt lat="3.02571" lon="101.63202">
        <ele>112.61</ele>
      </trkpt>
      <trkpt lat="3.02566" lon="101.63205">
        <ele>112.38</ele>
      </trkpt>
      <trkpt lat="3.02563" lon="101.63208">
        <ele>112.15</ele>
      </trkpt>
      <trkpt lat="3.02562" lon="101.63208">
        <ele>112.14</ele>
      </trkpt>
      <trkpt lat="3.02559" lon="101.6321">
        <ele>111.95</ele>
      </trkpt>
      <trkpt lat="3.02558" lon="101.6321">
        <ele>111.93</ele>
      </trkpt>
      <trkpt lat="3.02548" lon="101.63219">
        <ele>113.41</ele>
      </trkpt>
      <trkpt lat="3.0253" lon="101.63236">
        <ele>119.43</ele>
      </trkpt>
      <trkpt lat="3.0253" lon="101.63236">
        <ele>119.43</ele>
      </trkpt>
      <trkpt lat="3.02526" lon="101.63239">
        <ele>120.42</ele>
      </trkpt>
      <trkpt lat="3.02524" lon="101.63242">
        <ele>120.8</ele>
      </trkpt>
      <trkpt lat="3.02522" lon="101.63245">
        <ele>121.07</ele>
      </trkpt>
      <trkpt lat="3.0252" lon="101.63247">
        <ele>121.25</ele>
      </trkpt>
      <trkpt lat="3.02517" lon="101.63248">
        <ele>121.41</ele>
      </trkpt>
      <trkpt lat="3.02514" lon="101.63249">
        <ele>121.53</ele>
      </trkpt>
      <trkpt lat="3.02513" lon="101.63248">
        <ele>121.62</ele>
      </trkpt>
      <trkpt lat="3.0251" lon="101.63248">
        <ele>121.77</ele>
      </trkpt>
      <trkpt lat="3.02505" lon="101.63246">
        <ele>122.24</ele>
      </trkpt>
      <trkpt lat="3.02502" lon="101.63246">
        <ele>122.44</ele>
      </trkpt>
      <trkpt lat="3.025" lon="101.63246">
        <ele>122.58</ele>
      </trkpt>
      <trkpt lat="3.02499" lon="101.63245">
        <ele>123.29</ele>
      </trkpt>
      <trkpt lat="3.02495" lon="101.63243">
        <ele>125.84</ele>
      </trkpt>
      <trkpt lat="3.02489" lon="101.63239">
        <ele>129.76</ele>
      </trkpt>
      <trkpt lat="3.02487" lon="101.63238">
        <ele>131.01</ele>
      </trkpt>
      <trkpt lat="3.02485" lon="101.63237">
        <ele>132.26</ele>
      </trkpt>
      <trkpt lat="3.02482" lon="101.63237">
        <ele>133.94</ele>
      </trkpt>
      <trkpt lat="3.02481" lon="101.63236">
        <ele>134.62</ele>
      </trkpt>
      <trkpt lat="3.02477" lon="101.63237">
        <ele>136.73</ele>
      </trkpt>
      <trkpt lat="3.02473" lon="101.63236">
        <ele>139.08</ele>
      </trkpt>
      <trkpt lat="3.02471" lon="101.63236">
        <ele>139.73</ele>
      </trkpt>
      <trkpt lat="3.02469" lon="101.63234">
        <ele>140.17</ele>
      </trkpt>
      <trkpt lat="3.02467" lon="101.63233">
        <ele>140.44</ele>
      </trkpt>
      <trkpt lat="3.02464" lon="101.63231">
        <ele>140.66</ele>
      </trkpt>
      <trkpt lat="3.02462" lon="101.6323">
        <ele>140.7</ele>
      </trkpt>
      <trkpt lat="3.0246" lon="101.63229">
        <ele>140.67</ele>
      </trkpt>
      <trkpt lat="3.02459" lon="101.63229">
        <ele>140.7</ele>
      </trkpt>
      <trkpt lat="3.02458" lon="101.63227">
        <ele>140.36</ele>
      </trkpt>
      <trkpt lat="3.02454" lon="101.63223">
        <ele>139.24</ele>
      </trkpt>
      <trkpt lat="3.02454" lon="101.63222">
        <ele>138.99</ele>
      </trkpt>
      <trkpt lat="3.02452" lon="101.63221">
        <ele>138.61</ele>
      </trkpt>
      <trkpt lat="3.02451" lon="101.63218">
        <ele>138.05</ele>
      </trkpt>
      <trkpt lat="3.0245" lon="101.63216">
        <ele>137.7</ele>
      </trkpt>
      <trkpt lat="3.02447" lon="101.63214">
        <ele>137.41</ele>
      </trkpt>
      <trkpt lat="3.02444" lon="101.63212">
        <ele>137.14</ele>
      </trkpt>
      <trkpt lat="3.02441" lon="101.6321">
        <ele>135.97</ele>
      </trkpt>
      <trkpt lat="3.02437" lon="101.6321">
        <ele>134.64</ele>
      </trkpt>
      <trkpt lat="3.02433" lon="101.63208">
        <ele>132.55</ele>
      </trkpt>
      <trkpt lat="3.02431" lon="101.63208">
        <ele>131.77</ele>
      </trkpt>
      <trkpt lat="3.0243" lon="101.63208">
        <ele>131.38</ele>
      </trkpt>
      <trkpt lat="3.02428" lon="101.63208">
        <ele>130.61</ele>
      </trkpt>
      <trkpt lat="3.02428" lon="101.63207">
        <ele>130.09</ele>
      </trkpt>
      <trkpt lat="3.02427" lon="101.63207">
        <ele>129.68</ele>
      </trkpt>
      <trkpt lat="3.02425" lon="101.63206">
        <ele>128.25</ele>
      </trkpt>
      <trkpt lat="3.02424" lon="101.63205">
        <ele>127.18</ele>
      </trkpt>
      <trkpt lat="3.02424" lon="101.63204">
        <ele>126.55</ele>
      </trkpt>
      <trkpt lat="3.02424" lon="101.63203">
        <ele>125.92</ele>
      </trkpt>
      <trkpt lat="3.02422" lon="101.63202">
        <ele>124.19</ele>
      </trkpt>
      <trkpt lat="3.02422" lon="101.632">
        <ele>122.83</ele>
      </trkpt>
      <trkpt lat="3.02421" lon="101.63196">
        <ele>119.38</ele>
      </trkpt>
      <trkpt lat="3.02418" lon="101.63191">
        <ele>114.71</ele>
      </trkpt>
      <trkpt lat="3.02412" lon="101.63185">
        <ele>109.51</ele>
      </trkpt>
      <trkpt lat="3.02411" lon="101.63182">
        <ele>107.7</ele>
      </trkpt>
      <trkpt lat="3.02407" lon="101.63176">
        <ele>102.57</ele>
      </trkpt>
      <trkpt lat="3.02407" lon="101.63174">
        <ele>101.53</ele>
      </trkpt>
      <trkpt lat="3.02406" lon="101.63172">
        <ele>99.81</ele>
      </trkpt>
      <trkpt lat="3.02406" lon="101.63169">
        <ele>98.2</ele>
      </trkpt>
      <trkpt lat="3.02407" lon="101.63166">
        <ele>97.31</ele>
      </trkpt>
      <trkpt lat="3.02407" lon="101.63162">
        <ele>95.05</ele>
      </trkpt>
      <trkpt lat="3.02408" lon="101.6316">
        <ele>94.52</ele>
      </trkpt>
      <trkpt lat="3.02408" lon="101.6316">
        <ele>94.52</ele>
      </trkpt>
      <trkpt lat="3.02407" lon="101.63158">
        <ele>92.78</ele>
      </trkpt>
      <trkpt lat="3.02408" lon="101.63154">
        <ele>90.98</ele>
      </trkpt>
      <trkpt lat="3.02409" lon="101.63151">
        <ele>89.6</ele>
      </trkpt>
      <trkpt lat="3.0241" lon="101.63149">
        <ele>88.72</ele>
      </trkpt>
      <trkpt lat="3.02412" lon="101.63146">
        <ele>87.35</ele>
      </trkpt>
      <trkpt lat="3.02415" lon="101.63142">
        <ele>85.16</ele>
      </trkpt>
      <trkpt lat="3.02415" lon="101.63141">
        <ele>84.41</ele>
      </trkpt>
      <trkpt lat="3.02418" lon="101.63136">
        <ele>82.73</ele>
      </trkpt>
      <trkpt lat="3.02415" lon="101.63133">
        <ele>80.96</ele>
      </trkpt>
      <trkpt lat="3.02414" lon="101.63125">
        <ele>78.4</ele>
      </trkpt>
      <trkpt lat="3.02408" lon="101.6312">
        <ele>76.79</ele>
      </trkpt>
      <trkpt lat="3.02408" lon="101.63119">
        <ele>76.51</ele>
      </trkpt>
      <trkpt lat="3.02408" lon="101.63111">
        <ele>74.27</ele>
      </trkpt>
      <trkpt lat="3.02418" lon="101.63102">
        <ele>70.96</ele>
      </trkpt>
      <trkpt lat="3.02422" lon="101.63096">
        <ele>69.64</ele>
      </trkpt>
      <trkpt lat="3.02426" lon="101.63087">
        <ele>67.54</ele>
      </trkpt>
      <trkpt lat="3.0243" lon="101.63079">
        <ele>65.6</ele>
      </trkpt>
      <trkpt lat="3.02437" lon="101.63072">
        <ele>63.39</ele>
      </trkpt>
      <trkpt lat="3.02444" lon="101.63064">
        <ele>59.18</ele>
      </trkpt>
      <trkpt lat="3.02445" lon="101.6306">
        <ele>57.0</ele>
      </trkpt>
      <trkpt lat="3.02445" lon="101.6306">
        <ele>57.0</ele>
      </trkpt>
      <trkpt lat="3.02446" lon="101.63052">
        <ele>54.95</ele>
      </trkpt>
      <trkpt lat="3.02453" lon="101.63045">
        <ele>58.14</ele>
      </trkpt>
      <trkpt lat="3.02459" lon="101.63042">
        <ele>60.31</ele>
      </trkpt>
      <trkpt lat="3.02463" lon="101.63037">
        <ele>60.89</ele>
      </trkpt>
      <trkpt lat="3.02466" lon="101.63031">
        <ele>60.44</ele>
      </trkpt>
      <trkpt lat="3.02471" lon="101.63013">
        <ele>58.17</ele>
      </trkpt>
      <trkpt lat="3.02471" lon="101.62996">
        <ele>56.01</ele>
      </trkpt>
      <trkpt lat="3.02474" lon="101.6298">
        <ele>56.71</ele>
      </trkpt>
    </trkseg>
  </trk>
</gpx>
