<?xml version="1.0"?>
<gpx xmlns="http://www.topografix.com/GPX/1/1" xmlns:xsi="http://www.w3.org/2001/XMLSchema-instance" version="1.1" creator="AllTrails.com" xsi:schemaLocation="http://www.topografix.com/GPX/1/1 http://www.topografix.com/GPX/1/1/gpx.xsd">
  <metadata>
    <name><![CDATA[Mount Panti]]></name>
    <desc><![CDATA[]]></desc>
    <link href="http://www.alltrails.com">
      <text>AllTrails, LLC</text>
    </link>
    <bounds minlat="1.80902" minlon="103.84863" maxlat="1.83475" maxlon="103.90011"/>
  </metadata>
  <trk>
    <name><![CDATA[Mount Panti]]></name>
    <src>AllTrails</src>
    <trkseg>
      <trkpt lat="1.80903" lon="103.84865">
        <ele>23.12</ele>
      </trkpt>
      <trkpt lat="1.80902" lon="103.84863">
        <ele>23.12</ele>
      </trkpt>
      <trkpt lat="1.80912" lon="103.84881">
        <ele>23.05</ele>
      </trkpt>
      <trkpt lat="1.80927" lon="103.84909">
        <ele>27.03</ele>
      </trkpt>
      <trkpt lat="1.80928" lon="103.8493">
        <ele>27.43</ele>
      </trkpt>
      <trkpt lat="1.80928" lon="103.84942">
        <ele>26.89</ele>
      </trkpt>
      <trkpt lat="1.80928" lon="103.84949">
        <ele>27.21</ele>
      </trkpt>
      <trkpt lat="1.80926" lon="103.84959">
        <ele>28.22</ele>
      </trkpt>
      <trkpt lat="1.80923" lon="103.84974">
        <ele>29.58</ele>
      </trkpt>
      <trkpt lat="1.80923" lon="103.84978">
        <ele>30.37</ele>
      </trkpt>
      <trkpt lat="1.8092" lon="103.84986">
        <ele>31.26</ele>
      </trkpt>
      <trkpt lat="1.8092" lon="103.8499">
        <ele>31.88</ele>
      </trkpt>
      <trkpt lat="1.80917" lon="103.84996">
        <ele>31.69</ele>
      </trkpt>
      <trkpt lat="1.80916" lon="103.85002">
        <ele>31.64</ele>
      </trkpt>
      <trkpt lat="1.80914" lon="103.85007">
        <ele>30.72</ele>
      </trkpt>
      <trkpt lat="1.80911" lon="103.85011">
        <ele>29.75</ele>
      </trkpt>
      <trkpt lat="1.80909" lon="103.85018">
        <ele>28.76</ele>
      </trkpt>
      <trkpt lat="1.80907" lon="103.85024">
        <ele>27.92</ele>
      </trkpt>
      <trkpt lat="1.80905" lon="103.85032">
        <ele>27.58</ele>
      </trkpt>
      <trkpt lat="1.80906" lon="103.85037">
        <ele>28.08</ele>
      </trkpt>
      <trkpt lat="1.80907" lon="103.85044">
        <ele>28.75</ele>
      </trkpt>
      <trkpt lat="1.80917" lon="103.85062">
        <ele>32.61</ele>
      </trkpt>
      <trkpt lat="1.80921" lon="103.85069">
        <ele>34.69</ele>
      </trkpt>
      <trkpt lat="1.80926" lon="103.85075">
        <ele>36.83</ele>
      </trkpt>
      <trkpt lat="1.8093" lon="103.8508">
        <ele>38.31</ele>
      </trkpt>
      <trkpt lat="1.80932" lon="103.85084">
        <ele>38.98</ele>
      </trkpt>
      <trkpt lat="1.80935" lon="103.85087">
        <ele>39.95</ele>
      </trkpt>
      <trkpt lat="1.80939" lon="103.85095">
        <ele>40.89</ele>
      </trkpt>
      <trkpt lat="1.80941" lon="103.85101">
        <ele>41.09</ele>
      </trkpt>
      <trkpt lat="1.80941" lon="103.85105">
        <ele>40.9</ele>
      </trkpt>
      <trkpt lat="1.80941" lon="103.85108">
        <ele>40.77</ele>
      </trkpt>
      <trkpt lat="1.80941" lon="103.85111">
        <ele>40.63</ele>
      </trkpt>
      <trkpt lat="1.80941" lon="103.85112">
        <ele>40.55</ele>
      </trkpt>
      <trkpt lat="1.80941" lon="103.85116">
        <ele>40.21</ele>
      </trkpt>
      <trkpt lat="1.80942" lon="103.8512">
        <ele>40.01</ele>
      </trkpt>
      <trkpt lat="1.80951" lon="103.85135">
        <ele>39.31</ele>
      </trkpt>
      <trkpt lat="1.80955" lon="103.85147">
        <ele>40.1</ele>
      </trkpt>
      <trkpt lat="1.80957" lon="103.8515">
        <ele>40.56</ele>
      </trkpt>
      <trkpt lat="1.80963" lon="103.85158">
        <ele>41.98</ele>
      </trkpt>
      <trkpt lat="1.80966" lon="103.85164">
        <ele>43.12</ele>
      </trkpt>
      <trkpt lat="1.80967" lon="103.85168">
        <ele>43.34</ele>
      </trkpt>
      <trkpt lat="1.80967" lon="103.85171">
        <ele>42.69</ele>
      </trkpt>
      <trkpt lat="1.80967" lon="103.85177">
        <ele>41.39</ele>
      </trkpt>
      <trkpt lat="1.80965" lon="103.85185">
        <ele>39.52</ele>
      </trkpt>
      <trkpt lat="1.80966" lon="103.85186">
        <ele>39.38</ele>
      </trkpt>
      <trkpt lat="1.80968" lon="103.85189">
        <ele>38.87</ele>
      </trkpt>
      <trkpt lat="1.8097" lon="103.85191">
        <ele>38.58</ele>
      </trkpt>
      <trkpt lat="1.80971" lon="103.85192">
        <ele>38.44</ele>
      </trkpt>
      <trkpt lat="1.80973" lon="103.85194">
        <ele>38.12</ele>
      </trkpt>
      <trkpt lat="1.80977" lon="103.85198">
        <ele>38.89</ele>
      </trkpt>
      <trkpt lat="1.80983" lon="103.85203">
        <ele>39.59</ele>
      </trkpt>
      <trkpt lat="1.80986" lon="103.85206">
        <ele>39.76</ele>
      </trkpt>
      <trkpt lat="1.80991" lon="103.85208">
        <ele>39.45</ele>
      </trkpt>
      <trkpt lat="1.80993" lon="103.8521">
        <ele>39.32</ele>
      </trkpt>
      <trkpt lat="1.80997" lon="103.85217">
        <ele>38.78</ele>
      </trkpt>
      <trkpt lat="1.80999" lon="103.8522">
        <ele>38.31</ele>
      </trkpt>
      <trkpt lat="1.81002" lon="103.85221">
        <ele>37.63</ele>
      </trkpt>
      <trkpt lat="1.81003" lon="103.85222">
        <ele>37.37</ele>
      </trkpt>
      <trkpt lat="1.81005" lon="103.85223">
        <ele>36.94</ele>
      </trkpt>
      <trkpt lat="1.81007" lon="103.85223">
        <ele>36.5</ele>
      </trkpt>
      <trkpt lat="1.81008" lon="103.85223">
        <ele>36.28</ele>
      </trkpt>
      <trkpt lat="1.81013" lon="103.85223">
        <ele>35.19</ele>
      </trkpt>
      <trkpt lat="1.81016" lon="103.85222">
        <ele>34.58</ele>
      </trkpt>
      <trkpt lat="1.8102" lon="103.85222">
        <ele>33.73</ele>
      </trkpt>
      <trkpt lat="1.81025" lon="103.85223">
        <ele>32.58</ele>
      </trkpt>
      <trkpt lat="1.81031" lon="103.85228">
        <ele>31.31</ele>
      </trkpt>
      <trkpt lat="1.81034" lon="103.85229">
        <ele>30.85</ele>
      </trkpt>
      <trkpt lat="1.81035" lon="103.8523">
        <ele>30.71</ele>
      </trkpt>
      <trkpt lat="1.81037" lon="103.8523">
        <ele>30.43</ele>
      </trkpt>
      <trkpt lat="1.81041" lon="103.85233">
        <ele>29.97</ele>
      </trkpt>
      <trkpt lat="1.81044" lon="103.85236">
        <ele>29.74</ele>
      </trkpt>
      <trkpt lat="1.81046" lon="103.85239">
        <ele>29.7</ele>
      </trkpt>
      <trkpt lat="1.81049" lon="103.85242">
        <ele>29.64</ele>
      </trkpt>
      <trkpt lat="1.81051" lon="103.85245">
        <ele>29.74</ele>
      </trkpt>
      <trkpt lat="1.81052" lon="103.85249">
        <ele>30.04</ele>
      </trkpt>
      <trkpt lat="1.81053" lon="103.85252">
        <ele>31.09</ele>
      </trkpt>
      <trkpt lat="1.81054" lon="103.85258">
        <ele>34.06</ele>
      </trkpt>
      <trkpt lat="1.81053" lon="103.85262">
        <ele>36.06</ele>
      </trkpt>
      <trkpt lat="1.81052" lon="103.85263">
        <ele>36.56</ele>
      </trkpt>
      <trkpt lat="1.8105" lon="103.85266">
        <ele>38.03</ele>
      </trkpt>
      <trkpt lat="1.81043" lon="103.85271">
        <ele>40.35</ele>
      </trkpt>
      <trkpt lat="1.81041" lon="103.85274">
        <ele>41.71</ele>
      </trkpt>
      <trkpt lat="1.81034" lon="103.85279">
        <ele>43.75</ele>
      </trkpt>
      <trkpt lat="1.81027" lon="103.85286">
        <ele>46.24</ele>
      </trkpt>
      <trkpt lat="1.81022" lon="103.85293">
        <ele>48.67</ele>
      </trkpt>
      <trkpt lat="1.81021" lon="103.85295">
        <ele>49.31</ele>
      </trkpt>
      <trkpt lat="1.81018" lon="103.85298">
        <ele>50.08</ele>
      </trkpt>
      <trkpt lat="1.81016" lon="103.85302">
        <ele>51.17</ele>
      </trkpt>
      <trkpt lat="1.81016" lon="103.85305">
        <ele>52.13</ele>
      </trkpt>
      <trkpt lat="1.81015" lon="103.85308">
        <ele>53.4</ele>
      </trkpt>
      <trkpt lat="1.81015" lon="103.8531">
        <ele>54.41</ele>
      </trkpt>
      <trkpt lat="1.81015" lon="103.85313">
        <ele>55.93</ele>
      </trkpt>
      <trkpt lat="1.81016" lon="103.85317">
        <ele>58.13</ele>
      </trkpt>
      <trkpt lat="1.81018" lon="103.85324">
        <ele>62.08</ele>
      </trkpt>
      <trkpt lat="1.8102" lon="103.85328">
        <ele>64.55</ele>
      </trkpt>
      <trkpt lat="1.81026" lon="103.85336">
        <ele>69.15</ele>
      </trkpt>
      <trkpt lat="1.81031" lon="103.85341">
        <ele>70.6</ele>
      </trkpt>
      <trkpt lat="1.81041" lon="103.85346">
        <ele>71.84</ele>
      </trkpt>
      <trkpt lat="1.8106" lon="103.85361">
        <ele>73.0</ele>
      </trkpt>
      <trkpt lat="1.81072" lon="103.8537">
        <ele>73.84</ele>
      </trkpt>
      <trkpt lat="1.81073" lon="103.8537">
        <ele>73.8</ele>
      </trkpt>
      <trkpt lat="1.81078" lon="103.85373">
        <ele>73.76</ele>
      </trkpt>
      <trkpt lat="1.81082" lon="103.85374">
        <ele>73.55</ele>
      </trkpt>
      <trkpt lat="1.81087" lon="103.85376">
        <ele>73.91</ele>
      </trkpt>
      <trkpt lat="1.81093" lon="103.8538">
        <ele>74.47</ele>
      </trkpt>
      <trkpt lat="1.811" lon="103.85383">
        <ele>74.9</ele>
      </trkpt>
      <trkpt lat="1.81103" lon="103.85386">
        <ele>74.9</ele>
      </trkpt>
      <trkpt lat="1.81104" lon="103.85389">
        <ele>74.76</ele>
      </trkpt>
      <trkpt lat="1.81105" lon="103.8539">
        <ele>74.98</ele>
      </trkpt>
      <trkpt lat="1.81106" lon="103.85391">
        <ele>75.18</ele>
      </trkpt>
      <trkpt lat="1.81111" lon="103.85393">
        <ele>75.59</ele>
      </trkpt>
      <trkpt lat="1.81112" lon="103.85393">
        <ele>75.7</ele>
      </trkpt>
      <trkpt lat="1.81114" lon="103.85395">
        <ele>76.2</ele>
      </trkpt>
      <trkpt lat="1.81119" lon="103.85406">
        <ele>77.9</ele>
      </trkpt>
      <trkpt lat="1.81121" lon="103.8541">
        <ele>78.38</ele>
      </trkpt>
      <trkpt lat="1.81122" lon="103.85414">
        <ele>78.77</ele>
      </trkpt>
      <trkpt lat="1.81121" lon="103.85417">
        <ele>79.11</ele>
      </trkpt>
      <trkpt lat="1.8112" lon="103.85422">
        <ele>80.74</ele>
      </trkpt>
      <trkpt lat="1.81121" lon="103.85428">
        <ele>82.64</ele>
      </trkpt>
      <trkpt lat="1.8112" lon="103.85431">
        <ele>83.66</ele>
      </trkpt>
      <trkpt lat="1.8112" lon="103.85434">
        <ele>84.64</ele>
      </trkpt>
      <trkpt lat="1.8112" lon="103.85438">
        <ele>85.94</ele>
      </trkpt>
      <trkpt lat="1.8112" lon="103.85444">
        <ele>87.9</ele>
      </trkpt>
      <trkpt lat="1.81121" lon="103.85452">
        <ele>89.39</ele>
      </trkpt>
      <trkpt lat="1.81122" lon="103.85456">
        <ele>90.07</ele>
      </trkpt>
      <trkpt lat="1.81124" lon="103.85458">
        <ele>90.27</ele>
      </trkpt>
      <trkpt lat="1.81124" lon="103.8546">
        <ele>90.67</ele>
      </trkpt>
      <trkpt lat="1.81127" lon="103.85466">
        <ele>91.61</ele>
      </trkpt>
      <trkpt lat="1.81134" lon="103.85473">
        <ele>92.36</ele>
      </trkpt>
      <trkpt lat="1.81137" lon="103.85475">
        <ele>92.14</ele>
      </trkpt>
      <trkpt lat="1.81144" lon="103.85482">
        <ele>91.71</ele>
      </trkpt>
      <trkpt lat="1.8115" lon="103.85489">
        <ele>91.77</ele>
      </trkpt>
      <trkpt lat="1.81152" lon="103.85492">
        <ele>91.93</ele>
      </trkpt>
      <trkpt lat="1.81153" lon="103.85495">
        <ele>92.14</ele>
      </trkpt>
      <trkpt lat="1.81153" lon="103.85499">
        <ele>92.43</ele>
      </trkpt>
      <trkpt lat="1.81152" lon="103.85503">
        <ele>92.96</ele>
      </trkpt>
      <trkpt lat="1.8115" lon="103.85508">
        <ele>93.72</ele>
      </trkpt>
      <trkpt lat="1.81148" lon="103.8551">
        <ele>94.01</ele>
      </trkpt>
      <trkpt lat="1.81147" lon="103.85512">
        <ele>94.33</ele>
      </trkpt>
      <trkpt lat="1.81145" lon="103.85513">
        <ele>94.46</ele>
      </trkpt>
      <trkpt lat="1.81145" lon="103.85514">
        <ele>94.63</ele>
      </trkpt>
      <trkpt lat="1.81141" lon="103.85518">
        <ele>95.27</ele>
      </trkpt>
      <trkpt lat="1.81139" lon="103.85521">
        <ele>95.78</ele>
      </trkpt>
      <trkpt lat="1.81136" lon="103.85524">
        <ele>96.45</ele>
      </trkpt>
      <trkpt lat="1.8113" lon="103.85532">
        <ele>98.23</ele>
      </trkpt>
      <trkpt lat="1.81126" lon="103.85539">
        <ele>99.89</ele>
      </trkpt>
      <trkpt lat="1.81124" lon="103.85544">
        <ele>101.04</ele>
      </trkpt>
      <trkpt lat="1.81122" lon="103.85546">
        <ele>101.54</ele>
      </trkpt>
      <trkpt lat="1.81121" lon="103.8555">
        <ele>102.44</ele>
      </trkpt>
      <trkpt lat="1.81122" lon="103.85553">
        <ele>103.06</ele>
      </trkpt>
      <trkpt lat="1.81123" lon="103.85566">
        <ele>102.18</ele>
      </trkpt>
      <trkpt lat="1.81125" lon="103.85573">
        <ele>100.99</ele>
      </trkpt>
      <trkpt lat="1.81126" lon="103.85585">
        <ele>99.33</ele>
      </trkpt>
      <trkpt lat="1.81126" lon="103.85592">
        <ele>99.36</ele>
      </trkpt>
      <trkpt lat="1.81126" lon="103.85595">
        <ele>99.38</ele>
      </trkpt>
      <trkpt lat="1.81126" lon="103.85597">
        <ele>99.39</ele>
      </trkpt>
      <trkpt lat="1.81127" lon="103.856">
        <ele>99.31</ele>
      </trkpt>
      <trkpt lat="1.81129" lon="103.85605">
        <ele>99.23</ele>
      </trkpt>
      <trkpt lat="1.81132" lon="103.85609">
        <ele>99.17</ele>
      </trkpt>
      <trkpt lat="1.81138" lon="103.85616">
        <ele>99.06</ele>
      </trkpt>
      <trkpt lat="1.8114" lon="103.8562">
        <ele>98.72</ele>
      </trkpt>
      <trkpt lat="1.81145" lon="103.85627">
        <ele>97.62</ele>
      </trkpt>
      <trkpt lat="1.81146" lon="103.8563">
        <ele>97.47</ele>
      </trkpt>
      <trkpt lat="1.81149" lon="103.85634">
        <ele>96.99</ele>
      </trkpt>
      <trkpt lat="1.81152" lon="103.85639">
        <ele>96.68</ele>
      </trkpt>
      <trkpt lat="1.81158" lon="103.85642">
        <ele>96.44</ele>
      </trkpt>
      <trkpt lat="1.81161" lon="103.85641">
        <ele>95.57</ele>
      </trkpt>
      <trkpt lat="1.81169" lon="103.85644">
        <ele>95.06</ele>
      </trkpt>
      <trkpt lat="1.81178" lon="103.85649">
        <ele>96.56</ele>
      </trkpt>
      <trkpt lat="1.81183" lon="103.85653">
        <ele>98.26</ele>
      </trkpt>
      <trkpt lat="1.81186" lon="103.85656">
        <ele>99.73</ele>
      </trkpt>
      <trkpt lat="1.81189" lon="103.85659">
        <ele>101.39</ele>
      </trkpt>
      <trkpt lat="1.81192" lon="103.85663">
        <ele>103.72</ele>
      </trkpt>
      <trkpt lat="1.81195" lon="103.85666">
        <ele>105.72</ele>
      </trkpt>
      <trkpt lat="1.81195" lon="103.85669">
        <ele>107.4</ele>
      </trkpt>
      <trkpt lat="1.81197" lon="103.85671">
        <ele>108.73</ele>
      </trkpt>
      <trkpt lat="1.81199" lon="103.85678">
        <ele>112.82</ele>
      </trkpt>
      <trkpt lat="1.812" lon="103.85685">
        <ele>116.76</ele>
      </trkpt>
      <trkpt lat="1.81202" lon="103.85688">
        <ele>118.48</ele>
      </trkpt>
      <trkpt lat="1.81204" lon="103.85693">
        <ele>121.22</ele>
      </trkpt>
      <trkpt lat="1.81205" lon="103.85697">
        <ele>122.5</ele>
      </trkpt>
      <trkpt lat="1.81205" lon="103.857">
        <ele>123.1</ele>
      </trkpt>
      <trkpt lat="1.81206" lon="103.85702">
        <ele>123.45</ele>
      </trkpt>
      <trkpt lat="1.81206" lon="103.85705">
        <ele>124.03</ele>
      </trkpt>
      <trkpt lat="1.81208" lon="103.8571">
        <ele>124.83</ele>
      </trkpt>
      <trkpt lat="1.81209" lon="103.85714">
        <ele>125.45</ele>
      </trkpt>
      <trkpt lat="1.81211" lon="103.85718">
        <ele>125.91</ele>
      </trkpt>
      <trkpt lat="1.81215" lon="103.85722">
        <ele>126.01</ele>
      </trkpt>
      <trkpt lat="1.81218" lon="103.85729">
        <ele>124.86</ele>
      </trkpt>
      <trkpt lat="1.8122" lon="103.85733">
        <ele>124.33</ele>
      </trkpt>
      <trkpt lat="1.81221" lon="103.85735">
        <ele>124.11</ele>
      </trkpt>
      <trkpt lat="1.81222" lon="103.85737">
        <ele>123.94</ele>
      </trkpt>
      <trkpt lat="1.81223" lon="103.85739">
        <ele>123.79</ele>
      </trkpt>
      <trkpt lat="1.81224" lon="103.85741">
        <ele>123.65</ele>
      </trkpt>
      <trkpt lat="1.81228" lon="103.85746">
        <ele>123.41</ele>
      </trkpt>
      <trkpt lat="1.8123" lon="103.85751">
        <ele>123.13</ele>
      </trkpt>
      <trkpt lat="1.81233" lon="103.85754">
        <ele>122.92</ele>
      </trkpt>
      <trkpt lat="1.81237" lon="103.85758">
        <ele>122.88</ele>
      </trkpt>
      <trkpt lat="1.81241" lon="103.85764">
        <ele>123.04</ele>
      </trkpt>
      <trkpt lat="1.81241" lon="103.85765">
        <ele>122.99</ele>
      </trkpt>
      <trkpt lat="1.81248" lon="103.85773">
        <ele>124.34</ele>
      </trkpt>
      <trkpt lat="1.81255" lon="103.85779">
        <ele>126.63</ele>
      </trkpt>
      <trkpt lat="1.81262" lon="103.85786">
        <ele>128.26</ele>
      </trkpt>
      <trkpt lat="1.8127" lon="103.85793">
        <ele>130.4</ele>
      </trkpt>
      <trkpt lat="1.81277" lon="103.85798">
        <ele>132.52</ele>
      </trkpt>
      <trkpt lat="1.81284" lon="103.85803">
        <ele>133.4</ele>
      </trkpt>
      <trkpt lat="1.81289" lon="103.85806">
        <ele>133.92</ele>
      </trkpt>
      <trkpt lat="1.81294" lon="103.85809">
        <ele>134.1</ele>
      </trkpt>
      <trkpt lat="1.81297" lon="103.85812">
        <ele>133.91</ele>
      </trkpt>
      <trkpt lat="1.81302" lon="103.85818">
        <ele>133.28</ele>
      </trkpt>
      <trkpt lat="1.81305" lon="103.8582">
        <ele>133.27</ele>
      </trkpt>
      <trkpt lat="1.81311" lon="103.85825">
        <ele>132.45</ele>
      </trkpt>
      <trkpt lat="1.81315" lon="103.85828">
        <ele>132.1</ele>
      </trkpt>
      <trkpt lat="1.81323" lon="103.85829">
        <ele>132.58</ele>
      </trkpt>
      <trkpt lat="1.8133" lon="103.85828">
        <ele>133.31</ele>
      </trkpt>
      <trkpt lat="1.81338" lon="103.85828">
        <ele>133.35</ele>
      </trkpt>
      <trkpt lat="1.81343" lon="103.85829">
        <ele>133.09</ele>
      </trkpt>
      <trkpt lat="1.81351" lon="103.85832">
        <ele>132.93</ele>
      </trkpt>
      <trkpt lat="1.81357" lon="103.85836">
        <ele>132.94</ele>
      </trkpt>
      <trkpt lat="1.81359" lon="103.85838">
        <ele>132.95</ele>
      </trkpt>
      <trkpt lat="1.81361" lon="103.8584">
        <ele>133.0</ele>
      </trkpt>
      <trkpt lat="1.81363" lon="103.85844">
        <ele>132.6</ele>
      </trkpt>
      <trkpt lat="1.81363" lon="103.85847">
        <ele>132.56</ele>
      </trkpt>
      <trkpt lat="1.81361" lon="103.85853">
        <ele>132.99</ele>
      </trkpt>
      <trkpt lat="1.81351" lon="103.85869">
        <ele>132.55</ele>
      </trkpt>
      <trkpt lat="1.81348" lon="103.85876">
        <ele>133.42</ele>
      </trkpt>
      <trkpt lat="1.81347" lon="103.85879">
        <ele>133.9</ele>
      </trkpt>
      <trkpt lat="1.81345" lon="103.85883">
        <ele>134.67</ele>
      </trkpt>
      <trkpt lat="1.81341" lon="103.85891">
        <ele>136.25</ele>
      </trkpt>
      <trkpt lat="1.81337" lon="103.85903">
        <ele>137.11</ele>
      </trkpt>
      <trkpt lat="1.81337" lon="103.85906">
        <ele>137.22</ele>
      </trkpt>
      <trkpt lat="1.81335" lon="103.85911">
        <ele>137.62</ele>
      </trkpt>
      <trkpt lat="1.81335" lon="103.85915">
        <ele>137.76</ele>
      </trkpt>
      <trkpt lat="1.81334" lon="103.85918">
        <ele>137.78</ele>
      </trkpt>
      <trkpt lat="1.81334" lon="103.8592">
        <ele>137.57</ele>
      </trkpt>
      <trkpt lat="1.81334" lon="103.8592">
        <ele>137.57</ele>
      </trkpt>
      <trkpt lat="1.81334" lon="103.85923">
        <ele>137.24</ele>
      </trkpt>
      <trkpt lat="1.81334" lon="103.85926">
        <ele>136.92</ele>
      </trkpt>
      <trkpt lat="1.81335" lon="103.85932">
        <ele>136.16</ele>
      </trkpt>
      <trkpt lat="1.81335" lon="103.85942">
        <ele>135.08</ele>
      </trkpt>
      <trkpt lat="1.81334" lon="103.85945">
        <ele>134.85</ele>
      </trkpt>
      <trkpt lat="1.81334" lon="103.85957">
        <ele>133.11</ele>
      </trkpt>
      <trkpt lat="1.81336" lon="103.85966">
        <ele>131.53</ele>
      </trkpt>
      <trkpt lat="1.8134" lon="103.85975">
        <ele>129.17</ele>
      </trkpt>
      <trkpt lat="1.81346" lon="103.85984">
        <ele>127.14</ele>
      </trkpt>
      <trkpt lat="1.81349" lon="103.85988">
        <ele>127.13</ele>
      </trkpt>
      <trkpt lat="1.81354" lon="103.85992">
        <ele>128.3</ele>
      </trkpt>
      <trkpt lat="1.81359" lon="103.85997">
        <ele>130.54</ele>
      </trkpt>
      <trkpt lat="1.81365" lon="103.86003">
        <ele>130.03</ele>
      </trkpt>
      <trkpt lat="1.81369" lon="103.86006">
        <ele>128.38</ele>
      </trkpt>
      <trkpt lat="1.81374" lon="103.8601">
        <ele>126.73</ele>
      </trkpt>
      <trkpt lat="1.81386" lon="103.86018">
        <ele>125.23</ele>
      </trkpt>
      <trkpt lat="1.8139" lon="103.86019">
        <ele>125.19</ele>
      </trkpt>
      <trkpt lat="1.81396" lon="103.8602">
        <ele>124.47</ele>
      </trkpt>
      <trkpt lat="1.81399" lon="103.86019">
        <ele>124.21</ele>
      </trkpt>
      <trkpt lat="1.81406" lon="103.86017">
        <ele>123.64</ele>
      </trkpt>
      <trkpt lat="1.81409" lon="103.86017">
        <ele>123.33</ele>
      </trkpt>
      <trkpt lat="1.81413" lon="103.86015">
        <ele>123.19</ele>
      </trkpt>
      <trkpt lat="1.81416" lon="103.86015">
        <ele>122.9</ele>
      </trkpt>
      <trkpt lat="1.81423" lon="103.86011">
        <ele>122.55</ele>
      </trkpt>
      <trkpt lat="1.81433" lon="103.86009">
        <ele>121.56</ele>
      </trkpt>
      <trkpt lat="1.81438" lon="103.86008">
        <ele>121.1</ele>
      </trkpt>
      <trkpt lat="1.81442" lon="103.86007">
        <ele>120.8</ele>
      </trkpt>
      <trkpt lat="1.81446" lon="103.86006">
        <ele>120.98</ele>
      </trkpt>
      <trkpt lat="1.81449" lon="103.86007">
        <ele>121.31</ele>
      </trkpt>
      <trkpt lat="1.81452" lon="103.86007">
        <ele>121.85</ele>
      </trkpt>
      <trkpt lat="1.81457" lon="103.8601">
        <ele>122.1</ele>
      </trkpt>
      <trkpt lat="1.81462" lon="103.86011">
        <ele>122.78</ele>
      </trkpt>
      <trkpt lat="1.81463" lon="103.86013">
        <ele>122.53</ele>
      </trkpt>
      <trkpt lat="1.81466" lon="103.86013">
        <ele>123.07</ele>
      </trkpt>
      <trkpt lat="1.81471" lon="103.86016">
        <ele>123.32</ele>
      </trkpt>
      <trkpt lat="1.81473" lon="103.86016">
        <ele>123.85</ele>
      </trkpt>
      <trkpt lat="1.81476" lon="103.86018">
        <ele>124.64</ele>
      </trkpt>
      <trkpt lat="1.81478" lon="103.86018">
        <ele>125.45</ele>
      </trkpt>
      <trkpt lat="1.81482" lon="103.8602">
        <ele>126.76</ele>
      </trkpt>
      <trkpt lat="1.81486" lon="103.86021">
        <ele>128.31</ele>
      </trkpt>
      <trkpt lat="1.81489" lon="103.86022">
        <ele>129.47</ele>
      </trkpt>
      <trkpt lat="1.81495" lon="103.86021">
        <ele>132.12</ele>
      </trkpt>
      <trkpt lat="1.81498" lon="103.8602">
        <ele>133.44</ele>
      </trkpt>
      <trkpt lat="1.81504" lon="103.8602">
        <ele>135.06</ele>
      </trkpt>
      <trkpt lat="1.81505" lon="103.86021">
        <ele>135.24</ele>
      </trkpt>
      <trkpt lat="1.8151" lon="103.8602">
        <ele>136.24</ele>
      </trkpt>
      <trkpt lat="1.81514" lon="103.86021">
        <ele>137.02</ele>
      </trkpt>
      <trkpt lat="1.81522" lon="103.86021">
        <ele>138.61</ele>
      </trkpt>
      <trkpt lat="1.81525" lon="103.86022">
        <ele>139.23</ele>
      </trkpt>
      <trkpt lat="1.81529" lon="103.86022">
        <ele>140.07</ele>
      </trkpt>
      <trkpt lat="1.81532" lon="103.86022">
        <ele>140.74</ele>
      </trkpt>
      <trkpt lat="1.81535" lon="103.86023">
        <ele>141.4</ele>
      </trkpt>
      <trkpt lat="1.81539" lon="103.86024">
        <ele>142.21</ele>
      </trkpt>
      <trkpt lat="1.81542" lon="103.86024">
        <ele>142.84</ele>
      </trkpt>
      <trkpt lat="1.81546" lon="103.86025">
        <ele>143.57</ele>
      </trkpt>
      <trkpt lat="1.81551" lon="103.86024">
        <ele>144.73</ele>
      </trkpt>
      <trkpt lat="1.81554" lon="103.86023">
        <ele>145.52</ele>
      </trkpt>
      <trkpt lat="1.81557" lon="103.86023">
        <ele>146.51</ele>
      </trkpt>
      <trkpt lat="1.8156" lon="103.86024">
        <ele>147.69</ele>
      </trkpt>
      <trkpt lat="1.81561" lon="103.86026">
        <ele>147.83</ele>
      </trkpt>
      <trkpt lat="1.81566" lon="103.8603">
        <ele>149.7</ele>
      </trkpt>
      <trkpt lat="1.81569" lon="103.86031">
        <ele>151.0</ele>
      </trkpt>
      <trkpt lat="1.81574" lon="103.86031">
        <ele>153.32</ele>
      </trkpt>
      <trkpt lat="1.8158" lon="103.86034">
        <ele>155.79</ele>
      </trkpt>
      <trkpt lat="1.81584" lon="103.86039">
        <ele>157.04</ele>
      </trkpt>
      <trkpt lat="1.81584" lon="103.86042">
        <ele>156.72</ele>
      </trkpt>
      <trkpt lat="1.81583" lon="103.86044">
        <ele>156.1</ele>
      </trkpt>
      <trkpt lat="1.81583" lon="103.86047">
        <ele>155.78</ele>
      </trkpt>
      <trkpt lat="1.81584" lon="103.86048">
        <ele>156.06</ele>
      </trkpt>
      <trkpt lat="1.81584" lon="103.86053">
        <ele>155.52</ele>
      </trkpt>
      <trkpt lat="1.81587" lon="103.86056">
        <ele>156.26</ele>
      </trkpt>
      <trkpt lat="1.8159" lon="103.86061">
        <ele>156.71</ele>
      </trkpt>
      <trkpt lat="1.8159" lon="103.86064">
        <ele>156.33</ele>
      </trkpt>
      <trkpt lat="1.81591" lon="103.86067">
        <ele>156.34</ele>
      </trkpt>
      <trkpt lat="1.81591" lon="103.86069">
        <ele>156.09</ele>
      </trkpt>
      <trkpt lat="1.81591" lon="103.86073">
        <ele>155.59</ele>
      </trkpt>
      <trkpt lat="1.81592" lon="103.86079">
        <ele>155.27</ele>
      </trkpt>
      <trkpt lat="1.81595" lon="103.86083">
        <ele>156.08</ele>
      </trkpt>
      <trkpt lat="1.81599" lon="103.86085">
        <ele>157.67</ele>
      </trkpt>
      <trkpt lat="1.81605" lon="103.86086">
        <ele>160.19</ele>
      </trkpt>
      <trkpt lat="1.81607" lon="103.86087">
        <ele>160.98</ele>
      </trkpt>
      <trkpt lat="1.81614" lon="103.86092">
        <ele>163.65</ele>
      </trkpt>
      <trkpt lat="1.81618" lon="103.86096">
        <ele>165.27</ele>
      </trkpt>
      <trkpt lat="1.81622" lon="103.86098">
        <ele>167.08</ele>
      </trkpt>
      <trkpt lat="1.81622" lon="103.86098">
        <ele>167.08</ele>
      </trkpt>
      <trkpt lat="1.81637" lon="103.86101">
        <ele>174.35</ele>
      </trkpt>
      <trkpt lat="1.81647" lon="103.86102">
        <ele>178.84</ele>
      </trkpt>
      <trkpt lat="1.81653" lon="103.86104">
        <ele>181.35</ele>
      </trkpt>
      <trkpt lat="1.81666" lon="103.86107">
        <ele>186.33</ele>
      </trkpt>
      <trkpt lat="1.81669" lon="103.86108">
        <ele>187.52</ele>
      </trkpt>
      <trkpt lat="1.81672" lon="103.86108">
        <ele>188.9</ele>
      </trkpt>
      <trkpt lat="1.81676" lon="103.86109">
        <ele>190.62</ele>
      </trkpt>
      <trkpt lat="1.81681" lon="103.86109">
        <ele>192.93</ele>
      </trkpt>
      <trkpt lat="1.81686" lon="103.86108">
        <ele>195.34</ele>
      </trkpt>
      <trkpt lat="1.81698" lon="103.86108">
        <ele>200.95</ele>
      </trkpt>
      <trkpt lat="1.81712" lon="103.86108">
        <ele>207.72</ele>
      </trkpt>
      <trkpt lat="1.8173" lon="103.86111">
        <ele>215.1</ele>
      </trkpt>
      <trkpt lat="1.8174" lon="103.86116">
        <ele>218.48</ele>
      </trkpt>
      <trkpt lat="1.81748" lon="103.86118">
        <ele>221.06</ele>
      </trkpt>
      <trkpt lat="1.81754" lon="103.86119">
        <ele>222.44</ele>
      </trkpt>
      <trkpt lat="1.81755" lon="103.86119">
        <ele>222.66</ele>
      </trkpt>
      <trkpt lat="1.81757" lon="103.86119">
        <ele>223.09</ele>
      </trkpt>
      <trkpt lat="1.8176" lon="103.8612">
        <ele>223.56</ele>
      </trkpt>
      <trkpt lat="1.81765" lon="103.86123">
        <ele>224.1</ele>
      </trkpt>
      <trkpt lat="1.81768" lon="103.86126">
        <ele>224.21</ele>
      </trkpt>
      <trkpt lat="1.8177" lon="103.86126">
        <ele>224.64</ele>
      </trkpt>
      <trkpt lat="1.81774" lon="103.86127">
        <ele>225.32</ele>
      </trkpt>
      <trkpt lat="1.8178" lon="103.86127">
        <ele>227.02</ele>
      </trkpt>
      <trkpt lat="1.81784" lon="103.86127">
        <ele>228.6</ele>
      </trkpt>
      <trkpt lat="1.81787" lon="103.86128">
        <ele>229.7</ele>
      </trkpt>
      <trkpt lat="1.8179" lon="103.86131">
        <ele>230.71</ele>
      </trkpt>
      <trkpt lat="1.81792" lon="103.86134">
        <ele>231.42</ele>
      </trkpt>
      <trkpt lat="1.81796" lon="103.86137">
        <ele>233.21</ele>
      </trkpt>
      <trkpt lat="1.81798" lon="103.86138">
        <ele>234.19</ele>
      </trkpt>
      <trkpt lat="1.81801" lon="103.8614">
        <ele>235.79</ele>
      </trkpt>
      <trkpt lat="1.81804" lon="103.86141">
        <ele>237.37</ele>
      </trkpt>
      <trkpt lat="1.81808" lon="103.86142">
        <ele>238.89</ele>
      </trkpt>
      <trkpt lat="1.81815" lon="103.86147">
        <ele>241.46</ele>
      </trkpt>
      <trkpt lat="1.8182" lon="103.86149">
        <ele>243.31</ele>
      </trkpt>
      <trkpt lat="1.81826" lon="103.86149">
        <ele>245.22</ele>
      </trkpt>
      <trkpt lat="1.81829" lon="103.8615">
        <ele>246.4</ele>
      </trkpt>
      <trkpt lat="1.81833" lon="103.8615">
        <ele>247.69</ele>
      </trkpt>
      <trkpt lat="1.81835" lon="103.86151">
        <ele>248.01</ele>
      </trkpt>
      <trkpt lat="1.81836" lon="103.86152">
        <ele>248.22</ele>
      </trkpt>
      <trkpt lat="1.81838" lon="103.86155">
        <ele>248.84</ele>
      </trkpt>
      <trkpt lat="1.8184" lon="103.86156">
        <ele>248.96</ele>
      </trkpt>
      <trkpt lat="1.81847" lon="103.86158">
        <ele>248.95</ele>
      </trkpt>
      <trkpt lat="1.8185" lon="103.8616">
        <ele>249.1</ele>
      </trkpt>
      <trkpt lat="1.81852" lon="103.8616">
        <ele>248.95</ele>
      </trkpt>
      <trkpt lat="1.81855" lon="103.86162">
        <ele>249.01</ele>
      </trkpt>
      <trkpt lat="1.81861" lon="103.86164">
        <ele>248.72</ele>
      </trkpt>
      <trkpt lat="1.81867" lon="103.86164">
        <ele>249.79</ele>
      </trkpt>
      <trkpt lat="1.81871" lon="103.86167">
        <ele>250.79</ele>
      </trkpt>
      <trkpt lat="1.81875" lon="103.86169">
        <ele>251.54</ele>
      </trkpt>
      <trkpt lat="1.81879" lon="103.86171">
        <ele>252.23</ele>
      </trkpt>
      <trkpt lat="1.81884" lon="103.86174">
        <ele>253.0</ele>
      </trkpt>
      <trkpt lat="1.81889" lon="103.86179">
        <ele>253.59</ele>
      </trkpt>
      <trkpt lat="1.81893" lon="103.86186">
        <ele>254.55</ele>
      </trkpt>
      <trkpt lat="1.819" lon="103.86192">
        <ele>256.62</ele>
      </trkpt>
      <trkpt lat="1.81901" lon="103.86197">
        <ele>257.07</ele>
      </trkpt>
      <trkpt lat="1.81904" lon="103.86199">
        <ele>258.27</ele>
      </trkpt>
      <trkpt lat="1.81906" lon="103.86201">
        <ele>259.18</ele>
      </trkpt>
      <trkpt lat="1.81909" lon="103.86201">
        <ele>260.31</ele>
      </trkpt>
      <trkpt lat="1.81913" lon="103.862">
        <ele>261.65</ele>
      </trkpt>
      <trkpt lat="1.81919" lon="103.86198">
        <ele>263.08</ele>
      </trkpt>
      <trkpt lat="1.81922" lon="103.86197">
        <ele>263.46</ele>
      </trkpt>
      <trkpt lat="1.8193" lon="103.86198">
        <ele>265.16</ele>
      </trkpt>
      <trkpt lat="1.81932" lon="103.86198">
        <ele>265.54</ele>
      </trkpt>
      <trkpt lat="1.81935" lon="103.86198">
        <ele>266.11</ele>
      </trkpt>
      <trkpt lat="1.81937" lon="103.86199">
        <ele>266.72</ele>
      </trkpt>
      <trkpt lat="1.81945" lon="103.862">
        <ele>268.47</ele>
      </trkpt>
      <trkpt lat="1.81949" lon="103.86204">
        <ele>270.07</ele>
      </trkpt>
      <trkpt lat="1.81952" lon="103.8621">
        <ele>272.19</ele>
      </trkpt>
      <trkpt lat="1.81957" lon="103.86216">
        <ele>274.84</ele>
      </trkpt>
      <trkpt lat="1.81965" lon="103.86225">
        <ele>278.92</ele>
      </trkpt>
      <trkpt lat="1.81968" lon="103.86233">
        <ele>280.82</ele>
      </trkpt>
      <trkpt lat="1.81971" lon="103.86238">
        <ele>282.08</ele>
      </trkpt>
      <trkpt lat="1.81975" lon="103.86242">
        <ele>282.69</ele>
      </trkpt>
      <trkpt lat="1.81978" lon="103.86244">
        <ele>282.84</ele>
      </trkpt>
      <trkpt lat="1.81981" lon="103.86246">
        <ele>283.02</ele>
      </trkpt>
      <trkpt lat="1.81985" lon="103.86248">
        <ele>283.19</ele>
      </trkpt>
      <trkpt lat="1.81987" lon="103.86251">
        <ele>283.51</ele>
      </trkpt>
      <trkpt lat="1.81988" lon="103.86253">
        <ele>283.58</ele>
      </trkpt>
      <trkpt lat="1.81988" lon="103.86256">
        <ele>283.74</ele>
      </trkpt>
      <trkpt lat="1.81988" lon="103.86259">
        <ele>283.89</ele>
      </trkpt>
      <trkpt lat="1.81988" lon="103.86264">
        <ele>284.14</ele>
      </trkpt>
      <trkpt lat="1.81991" lon="103.86272">
        <ele>284.95</ele>
      </trkpt>
      <trkpt lat="1.81992" lon="103.86274">
        <ele>285.25</ele>
      </trkpt>
      <trkpt lat="1.81994" lon="103.86276">
        <ele>285.75</ele>
      </trkpt>
      <trkpt lat="1.81996" lon="103.86278">
        <ele>286.29</ele>
      </trkpt>
      <trkpt lat="1.81998" lon="103.8628">
        <ele>286.78</ele>
      </trkpt>
      <trkpt lat="1.82001" lon="103.86286">
        <ele>287.63</ele>
      </trkpt>
      <trkpt lat="1.82004" lon="103.86298">
        <ele>288.6</ele>
      </trkpt>
      <trkpt lat="1.82006" lon="103.863">
        <ele>288.82</ele>
      </trkpt>
      <trkpt lat="1.82011" lon="103.86303">
        <ele>289.21</ele>
      </trkpt>
      <trkpt lat="1.82014" lon="103.86306">
        <ele>289.59</ele>
      </trkpt>
      <trkpt lat="1.82016" lon="103.86309">
        <ele>290.29</ele>
      </trkpt>
      <trkpt lat="1.82018" lon="103.86312">
        <ele>291.03</ele>
      </trkpt>
      <trkpt lat="1.82021" lon="103.86316">
        <ele>292.11</ele>
      </trkpt>
      <trkpt lat="1.82025" lon="103.86321">
        <ele>293.63</ele>
      </trkpt>
      <trkpt lat="1.82031" lon="103.86329">
        <ele>296.02</ele>
      </trkpt>
      <trkpt lat="1.82034" lon="103.86339">
        <ele>297.57</ele>
      </trkpt>
      <trkpt lat="1.82035" lon="103.86342">
        <ele>297.82</ele>
      </trkpt>
      <trkpt lat="1.82036" lon="103.86345">
        <ele>298.09</ele>
      </trkpt>
      <trkpt lat="1.82037" lon="103.86347">
        <ele>298.31</ele>
      </trkpt>
      <trkpt lat="1.82039" lon="103.86355">
        <ele>299.13</ele>
      </trkpt>
      <trkpt lat="1.8204" lon="103.86357">
        <ele>299.42</ele>
      </trkpt>
      <trkpt lat="1.82043" lon="103.86363">
        <ele>300.33</ele>
      </trkpt>
      <trkpt lat="1.8205" lon="103.8637">
        <ele>302.74</ele>
      </trkpt>
      <trkpt lat="1.82052" lon="103.86373">
        <ele>303.88</ele>
      </trkpt>
      <trkpt lat="1.82057" lon="103.86377">
        <ele>306.16</ele>
      </trkpt>
      <trkpt lat="1.82059" lon="103.86379">
        <ele>306.82</ele>
      </trkpt>
      <trkpt lat="1.82065" lon="103.86383">
        <ele>308.02</ele>
      </trkpt>
      <trkpt lat="1.82069" lon="103.86385">
        <ele>308.49</ele>
      </trkpt>
      <trkpt lat="1.8207" lon="103.86387">
        <ele>308.77</ele>
      </trkpt>
      <trkpt lat="1.8207" lon="103.86389">
        <ele>308.99</ele>
      </trkpt>
      <trkpt lat="1.82071" lon="103.86391">
        <ele>308.81</ele>
      </trkpt>
      <trkpt lat="1.82071" lon="103.86393">
        <ele>308.62</ele>
      </trkpt>
      <trkpt lat="1.82072" lon="103.86396">
        <ele>308.42</ele>
      </trkpt>
      <trkpt lat="1.82077" lon="103.86399">
        <ele>308.7</ele>
      </trkpt>
      <trkpt lat="1.8208" lon="103.864">
        <ele>309.02</ele>
      </trkpt>
      <trkpt lat="1.82085" lon="103.86403">
        <ele>309.99</ele>
      </trkpt>
      <trkpt lat="1.8209" lon="103.86403">
        <ele>311.43</ele>
      </trkpt>
      <trkpt lat="1.82093" lon="103.86404">
        <ele>312.36</ele>
      </trkpt>
      <trkpt lat="1.82096" lon="103.86404">
        <ele>313.23</ele>
      </trkpt>
      <trkpt lat="1.82099" lon="103.86405">
        <ele>314.18</ele>
      </trkpt>
      <trkpt lat="1.82106" lon="103.86409">
        <ele>316.62</ele>
      </trkpt>
      <trkpt lat="1.82112" lon="103.86409">
        <ele>318.41</ele>
      </trkpt>
      <trkpt lat="1.82117" lon="103.86409">
        <ele>319.75</ele>
      </trkpt>
      <trkpt lat="1.82122" lon="103.86408">
        <ele>320.96</ele>
      </trkpt>
      <trkpt lat="1.82123" lon="103.86408">
        <ele>321.22</ele>
      </trkpt>
      <trkpt lat="1.82127" lon="103.86408">
        <ele>322.28</ele>
      </trkpt>
      <trkpt lat="1.82135" lon="103.86409">
        <ele>324.58</ele>
      </trkpt>
      <trkpt lat="1.82138" lon="103.86409">
        <ele>325.38</ele>
      </trkpt>
      <trkpt lat="1.82141" lon="103.86409">
        <ele>325.4</ele>
      </trkpt>
      <trkpt lat="1.82143" lon="103.86409">
        <ele>325.19</ele>
      </trkpt>
      <trkpt lat="1.82146" lon="103.8641">
        <ele>325.02</ele>
      </trkpt>
      <trkpt lat="1.82147" lon="103.86411">
        <ele>325.05</ele>
      </trkpt>
      <trkpt lat="1.8215" lon="103.86412">
        <ele>324.83</ele>
      </trkpt>
      <trkpt lat="1.82153" lon="103.86413">
        <ele>324.58</ele>
      </trkpt>
      <trkpt lat="1.82155" lon="103.86414">
        <ele>324.42</ele>
      </trkpt>
      <trkpt lat="1.82162" lon="103.86418">
        <ele>323.95</ele>
      </trkpt>
      <trkpt lat="1.82165" lon="103.86419">
        <ele>323.79</ele>
      </trkpt>
      <trkpt lat="1.82168" lon="103.86421">
        <ele>323.96</ele>
      </trkpt>
      <trkpt lat="1.8217" lon="103.86424">
        <ele>324.62</ele>
      </trkpt>
      <trkpt lat="1.82178" lon="103.8643">
        <ele>326.29</ele>
      </trkpt>
      <trkpt lat="1.82183" lon="103.86432">
        <ele>327.11</ele>
      </trkpt>
      <trkpt lat="1.82186" lon="103.86435">
        <ele>328.51</ele>
      </trkpt>
      <trkpt lat="1.82194" lon="103.86439">
        <ele>331.02</ele>
      </trkpt>
      <trkpt lat="1.82206" lon="103.86445">
        <ele>335.8</ele>
      </trkpt>
      <trkpt lat="1.82216" lon="103.86453">
        <ele>339.02</ele>
      </trkpt>
      <trkpt lat="1.82219" lon="103.86456">
        <ele>340.08</ele>
      </trkpt>
      <trkpt lat="1.82221" lon="103.86458">
        <ele>340.77</ele>
      </trkpt>
      <trkpt lat="1.82228" lon="103.86463">
        <ele>342.35</ele>
      </trkpt>
      <trkpt lat="1.8223" lon="103.86467">
        <ele>343.38</ele>
      </trkpt>
      <trkpt lat="1.82234" lon="103.86469">
        <ele>344.1</ele>
      </trkpt>
      <trkpt lat="1.82237" lon="103.86475">
        <ele>346.07</ele>
      </trkpt>
      <trkpt lat="1.82238" lon="103.8648">
        <ele>347.97</ele>
      </trkpt>
      <trkpt lat="1.82238" lon="103.86485">
        <ele>349.8</ele>
      </trkpt>
      <trkpt lat="1.82239" lon="103.8649">
        <ele>351.74</ele>
      </trkpt>
      <trkpt lat="1.82239" lon="103.86492">
        <ele>352.48</ele>
      </trkpt>
      <trkpt lat="1.8224" lon="103.86495">
        <ele>353.71</ele>
      </trkpt>
      <trkpt lat="1.82242" lon="103.86501">
        <ele>356.38</ele>
      </trkpt>
      <trkpt lat="1.82244" lon="103.86505">
        <ele>358.88</ele>
      </trkpt>
      <trkpt lat="1.82247" lon="103.8651">
        <ele>362.38</ele>
      </trkpt>
      <trkpt lat="1.8225" lon="103.86517">
        <ele>367.4</ele>
      </trkpt>
      <trkpt lat="1.8225" lon="103.8652">
        <ele>369.24</ele>
      </trkpt>
      <trkpt lat="1.82252" lon="103.86523">
        <ele>371.03</ele>
      </trkpt>
      <trkpt lat="1.82254" lon="103.86524">
        <ele>371.58</ele>
      </trkpt>
      <trkpt lat="1.82257" lon="103.86526">
        <ele>372.69</ele>
      </trkpt>
      <trkpt lat="1.82265" lon="103.86531">
        <ele>374.09</ele>
      </trkpt>
      <trkpt lat="1.82266" lon="103.86531">
        <ele>374.09</ele>
      </trkpt>
      <trkpt lat="1.82271" lon="103.86535">
        <ele>375.21</ele>
      </trkpt>
      <trkpt lat="1.82277" lon="103.86539">
        <ele>376.95</ele>
      </trkpt>
      <trkpt lat="1.82284" lon="103.86545">
        <ele>379.93</ele>
      </trkpt>
      <trkpt lat="1.82286" lon="103.86549">
        <ele>381.68</ele>
      </trkpt>
      <trkpt lat="1.82287" lon="103.86551">
        <ele>382.58</ele>
      </trkpt>
      <trkpt lat="1.82287" lon="103.86553">
        <ele>383.35</ele>
      </trkpt>
      <trkpt lat="1.8229" lon="103.86558">
        <ele>384.72</ele>
      </trkpt>
      <trkpt lat="1.82291" lon="103.86563">
        <ele>384.78</ele>
      </trkpt>
      <trkpt lat="1.82297" lon="103.86563">
        <ele>385.58</ele>
      </trkpt>
      <trkpt lat="1.82303" lon="103.86565">
        <ele>386.32</ele>
      </trkpt>
      <trkpt lat="1.82309" lon="103.86569">
        <ele>387.26</ele>
      </trkpt>
      <trkpt lat="1.82312" lon="103.86573">
        <ele>387.82</ele>
      </trkpt>
      <trkpt lat="1.82318" lon="103.86576">
        <ele>389.16</ele>
      </trkpt>
      <trkpt lat="1.82324" lon="103.86581">
        <ele>390.62</ele>
      </trkpt>
      <trkpt lat="1.82328" lon="103.86582">
        <ele>391.63</ele>
      </trkpt>
      <trkpt lat="1.8233" lon="103.86584">
        <ele>392.21</ele>
      </trkpt>
      <trkpt lat="1.82334" lon="103.86586">
        <ele>393.19</ele>
      </trkpt>
      <trkpt lat="1.82338" lon="103.86588">
        <ele>393.28</ele>
      </trkpt>
      <trkpt lat="1.82342" lon="103.86592">
        <ele>393.43</ele>
      </trkpt>
      <trkpt lat="1.82345" lon="103.86594">
        <ele>393.45</ele>
      </trkpt>
      <trkpt lat="1.82346" lon="103.86596">
        <ele>393.5</ele>
      </trkpt>
      <trkpt lat="1.8235" lon="103.86599">
        <ele>393.45</ele>
      </trkpt>
      <trkpt lat="1.82357" lon="103.86604">
        <ele>393.22</ele>
      </trkpt>
      <trkpt lat="1.82366" lon="103.86607">
        <ele>394.23</ele>
      </trkpt>
      <trkpt lat="1.8237" lon="103.8661">
        <ele>395.47</ele>
      </trkpt>
      <trkpt lat="1.82372" lon="103.8661">
        <ele>396.03</ele>
      </trkpt>
      <trkpt lat="1.82373" lon="103.86611">
        <ele>396.41</ele>
      </trkpt>
      <trkpt lat="1.82375" lon="103.86612">
        <ele>397.32</ele>
      </trkpt>
      <trkpt lat="1.82377" lon="103.86614">
        <ele>398.6</ele>
      </trkpt>
      <trkpt lat="1.82378" lon="103.86614">
        <ele>398.88</ele>
      </trkpt>
      <trkpt lat="1.8238" lon="103.86616">
        <ele>400.14</ele>
      </trkpt>
      <trkpt lat="1.82381" lon="103.86618">
        <ele>401.1</ele>
      </trkpt>
      <trkpt lat="1.82384" lon="103.86619">
        <ele>402.25</ele>
      </trkpt>
      <trkpt lat="1.82385" lon="103.8662">
        <ele>402.85</ele>
      </trkpt>
      <trkpt lat="1.82388" lon="103.8662">
        <ele>403.64</ele>
      </trkpt>
      <trkpt lat="1.8239" lon="103.86621">
        <ele>404.51</ele>
      </trkpt>
      <trkpt lat="1.82392" lon="103.86623">
        <ele>405.73</ele>
      </trkpt>
      <trkpt lat="1.82394" lon="103.86625">
        <ele>406.97</ele>
      </trkpt>
      <trkpt lat="1.82398" lon="103.8663">
        <ele>409.86</ele>
      </trkpt>
      <trkpt lat="1.82401" lon="103.86632">
        <ele>411.48</ele>
      </trkpt>
      <trkpt lat="1.82406" lon="103.86633">
        <ele>413.37</ele>
      </trkpt>
      <trkpt lat="1.82412" lon="103.86634">
        <ele>415.61</ele>
      </trkpt>
      <trkpt lat="1.8242" lon="103.86634">
        <ele>418.08</ele>
      </trkpt>
      <trkpt lat="1.82422" lon="103.86633">
        <ele>418.27</ele>
      </trkpt>
      <trkpt lat="1.82425" lon="103.86633">
        <ele>419.18</ele>
      </trkpt>
      <trkpt lat="1.82432" lon="103.86634">
        <ele>421.74</ele>
      </trkpt>
      <trkpt lat="1.8244" lon="103.86641">
        <ele>427.4</ele>
      </trkpt>
      <trkpt lat="1.82442" lon="103.86646">
        <ele>430.14</ele>
      </trkpt>
      <trkpt lat="1.82445" lon="103.86649">
        <ele>432.63</ele>
      </trkpt>
      <trkpt lat="1.82448" lon="103.86654">
        <ele>436.18</ele>
      </trkpt>
      <trkpt lat="1.8245" lon="103.86658">
        <ele>438.78</ele>
      </trkpt>
      <trkpt lat="1.82452" lon="103.86661">
        <ele>440.93</ele>
      </trkpt>
      <trkpt lat="1.82454" lon="103.86663">
        <ele>442.63</ele>
      </trkpt>
      <trkpt lat="1.82457" lon="103.86665">
        <ele>444.76</ele>
      </trkpt>
      <trkpt lat="1.82459" lon="103.86666">
        <ele>446.03</ele>
      </trkpt>
      <trkpt lat="1.82464" lon="103.86668">
        <ele>448.77</ele>
      </trkpt>
      <trkpt lat="1.82467" lon="103.8667">
        <ele>450.48</ele>
      </trkpt>
      <trkpt lat="1.8247" lon="103.86672">
        <ele>452.09</ele>
      </trkpt>
      <trkpt lat="1.82472" lon="103.86673">
        <ele>453.05</ele>
      </trkpt>
      <trkpt lat="1.82474" lon="103.86674">
        <ele>453.77</ele>
      </trkpt>
      <trkpt lat="1.82475" lon="103.86674">
        <ele>454.02</ele>
      </trkpt>
      <trkpt lat="1.8248" lon="103.86677">
        <ele>455.82</ele>
      </trkpt>
      <trkpt lat="1.82487" lon="103.86679">
        <ele>457.94</ele>
      </trkpt>
      <trkpt lat="1.82489" lon="103.86681">
        <ele>458.81</ele>
      </trkpt>
      <trkpt lat="1.8249" lon="103.86682">
        <ele>459.24</ele>
      </trkpt>
      <trkpt lat="1.82493" lon="103.86686">
        <ele>460.72</ele>
      </trkpt>
      <trkpt lat="1.82496" lon="103.86688">
        <ele>461.83</ele>
      </trkpt>
      <trkpt lat="1.82497" lon="103.8669">
        <ele>462.44</ele>
      </trkpt>
      <trkpt lat="1.82499" lon="103.8669">
        <ele>462.95</ele>
      </trkpt>
      <trkpt lat="1.825" lon="103.86692">
        <ele>463.56</ele>
      </trkpt>
      <trkpt lat="1.82502" lon="103.86693">
        <ele>464.16</ele>
      </trkpt>
      <trkpt lat="1.82504" lon="103.86694">
        <ele>464.78</ele>
      </trkpt>
      <trkpt lat="1.82505" lon="103.86695">
        <ele>464.94</ele>
      </trkpt>
      <trkpt lat="1.82508" lon="103.86694">
        <ele>465.64</ele>
      </trkpt>
      <trkpt lat="1.82511" lon="103.86695">
        <ele>466.23</ele>
      </trkpt>
      <trkpt lat="1.82513" lon="103.86694">
        <ele>466.71</ele>
      </trkpt>
      <trkpt lat="1.82515" lon="103.86694">
        <ele>467.14</ele>
      </trkpt>
      <trkpt lat="1.82521" lon="103.86694">
        <ele>468.43</ele>
      </trkpt>
      <trkpt lat="1.82529" lon="103.86695">
        <ele>469.85</ele>
      </trkpt>
      <trkpt lat="1.82542" lon="103.86699">
        <ele>469.28</ele>
      </trkpt>
      <trkpt lat="1.82549" lon="103.86705">
        <ele>468.99</ele>
      </trkpt>
      <trkpt lat="1.82555" lon="103.86705">
        <ele>469.57</ele>
      </trkpt>
      <trkpt lat="1.82562" lon="103.86705">
        <ele>471.01</ele>
      </trkpt>
      <trkpt lat="1.82563" lon="103.86705">
        <ele>471.23</ele>
      </trkpt>
      <trkpt lat="1.82578" lon="103.86706">
        <ele>474.43</ele>
      </trkpt>
      <trkpt lat="1.82586" lon="103.86708">
        <ele>475.51</ele>
      </trkpt>
      <trkpt lat="1.82591" lon="103.8671">
        <ele>475.51</ele>
      </trkpt>
      <trkpt lat="1.82594" lon="103.86712">
        <ele>475.57</ele>
      </trkpt>
      <trkpt lat="1.82599" lon="103.86718">
        <ele>475.94</ele>
      </trkpt>
      <trkpt lat="1.82603" lon="103.86727">
        <ele>477.71</ele>
      </trkpt>
      <trkpt lat="1.82606" lon="103.86738">
        <ele>481.22</ele>
      </trkpt>
      <trkpt lat="1.82606" lon="103.86752">
        <ele>484.8</ele>
      </trkpt>
      <trkpt lat="1.82609" lon="103.86758">
        <ele>486.11</ele>
      </trkpt>
      <trkpt lat="1.82612" lon="103.86766">
        <ele>487.88</ele>
      </trkpt>
      <trkpt lat="1.82617" lon="103.86781">
        <ele>491.69</ele>
      </trkpt>
      <trkpt lat="1.82623" lon="103.86793">
        <ele>495.83</ele>
      </trkpt>
      <trkpt lat="1.82626" lon="103.86801">
        <ele>497.82</ele>
      </trkpt>
      <trkpt lat="1.82628" lon="103.86806">
        <ele>498.8</ele>
      </trkpt>
      <trkpt lat="1.8263" lon="103.86809">
        <ele>498.84</ele>
      </trkpt>
      <trkpt lat="1.82633" lon="103.86814">
        <ele>498.93</ele>
      </trkpt>
      <trkpt lat="1.82635" lon="103.86821">
        <ele>498.87</ele>
      </trkpt>
      <trkpt lat="1.82635" lon="103.86824">
        <ele>498.73</ele>
      </trkpt>
      <trkpt lat="1.82639" lon="103.86829">
        <ele>499.17</ele>
      </trkpt>
      <trkpt lat="1.82641" lon="103.86835">
        <ele>499.35</ele>
      </trkpt>
      <trkpt lat="1.82641" lon="103.86838">
        <ele>499.56</ele>
      </trkpt>
      <trkpt lat="1.82641" lon="103.86841">
        <ele>499.78</ele>
      </trkpt>
      <trkpt lat="1.82641" lon="103.86843">
        <ele>499.92</ele>
      </trkpt>
      <trkpt lat="1.82641" lon="103.86845">
        <ele>500.07</ele>
      </trkpt>
      <trkpt lat="1.82642" lon="103.86848">
        <ele>500.39</ele>
      </trkpt>
      <trkpt lat="1.8264" lon="103.86854">
        <ele>500.61</ele>
      </trkpt>
      <trkpt lat="1.82641" lon="103.86858">
        <ele>501.0</ele>
      </trkpt>
      <trkpt lat="1.8264" lon="103.8686">
        <ele>501.04</ele>
      </trkpt>
      <trkpt lat="1.82641" lon="103.86864">
        <ele>501.07</ele>
      </trkpt>
      <trkpt lat="1.82642" lon="103.86866">
        <ele>501.1</ele>
      </trkpt>
      <trkpt lat="1.82647" lon="103.86871">
        <ele>501.79</ele>
      </trkpt>
      <trkpt lat="1.82648" lon="103.86871">
        <ele>501.97</ele>
      </trkpt>
      <trkpt lat="1.82651" lon="103.86872">
        <ele>502.55</ele>
      </trkpt>
      <trkpt lat="1.82657" lon="103.86876">
        <ele>503.98</ele>
      </trkpt>
      <trkpt lat="1.82659" lon="103.86877">
        <ele>504.51</ele>
      </trkpt>
      <trkpt lat="1.8266" lon="103.8688">
        <ele>505.02</ele>
      </trkpt>
      <trkpt lat="1.82662" lon="103.86887">
        <ele>506.28</ele>
      </trkpt>
      <trkpt lat="1.82663" lon="103.86894">
        <ele>506.79</ele>
      </trkpt>
      <trkpt lat="1.82664" lon="103.86895">
        <ele>507.11</ele>
      </trkpt>
      <trkpt lat="1.82664" lon="103.869">
        <ele>507.1</ele>
      </trkpt>
      <trkpt lat="1.82664" lon="103.86903">
        <ele>507.09</ele>
      </trkpt>
      <trkpt lat="1.82667" lon="103.86908">
        <ele>508.09</ele>
      </trkpt>
      <trkpt lat="1.82667" lon="103.8691">
        <ele>508.1</ele>
      </trkpt>
      <trkpt lat="1.8267" lon="103.86914">
        <ele>509.12</ele>
      </trkpt>
      <trkpt lat="1.8267" lon="103.86916">
        <ele>509.18</ele>
      </trkpt>
      <trkpt lat="1.82671" lon="103.86918">
        <ele>509.62</ele>
      </trkpt>
      <trkpt lat="1.82671" lon="103.86921">
        <ele>509.75</ele>
      </trkpt>
      <trkpt lat="1.82672" lon="103.86925">
        <ele>510.23</ele>
      </trkpt>
      <trkpt lat="1.82673" lon="103.86929">
        <ele>510.66</ele>
      </trkpt>
      <trkpt lat="1.82673" lon="103.86936">
        <ele>510.88</ele>
      </trkpt>
      <trkpt lat="1.82674" lon="103.86942">
        <ele>511.26</ele>
      </trkpt>
      <trkpt lat="1.82677" lon="103.86949">
        <ele>511.41</ele>
      </trkpt>
      <trkpt lat="1.8268" lon="103.86951">
        <ele>511.9</ele>
      </trkpt>
      <trkpt lat="1.8268" lon="103.86951">
        <ele>511.9</ele>
      </trkpt>
      <trkpt lat="1.82679" lon="103.86953">
        <ele>511.5</ele>
      </trkpt>
      <trkpt lat="1.8268" lon="103.86955">
        <ele>511.59</ele>
      </trkpt>
      <trkpt lat="1.82676" lon="103.8696">
        <ele>510.01</ele>
      </trkpt>
      <trkpt lat="1.82674" lon="103.86968">
        <ele>508.42</ele>
      </trkpt>
      <trkpt lat="1.82674" lon="103.8697">
        <ele>508.18</ele>
      </trkpt>
      <trkpt lat="1.82676" lon="103.86971">
        <ele>508.83</ele>
      </trkpt>
      <trkpt lat="1.82676" lon="103.86973">
        <ele>508.69</ele>
      </trkpt>
      <trkpt lat="1.82678" lon="103.86974">
        <ele>509.46</ele>
      </trkpt>
      <trkpt lat="1.82677" lon="103.86975">
        <ele>509.05</ele>
      </trkpt>
      <trkpt lat="1.82677" lon="103.86977">
        <ele>509.03</ele>
      </trkpt>
      <trkpt lat="1.82676" lon="103.8698">
        <ele>508.6</ele>
      </trkpt>
      <trkpt lat="1.82674" lon="103.86982">
        <ele>507.81</ele>
      </trkpt>
      <trkpt lat="1.82674" lon="103.86986">
        <ele>507.77</ele>
      </trkpt>
      <trkpt lat="1.82673" lon="103.86988">
        <ele>507.38</ele>
      </trkpt>
      <trkpt lat="1.82674" lon="103.86995">
        <ele>507.69</ele>
      </trkpt>
      <trkpt lat="1.82675" lon="103.86999">
        <ele>508.01</ele>
      </trkpt>
      <trkpt lat="1.82675" lon="103.87002">
        <ele>507.84</ele>
      </trkpt>
      <trkpt lat="1.82675" lon="103.87006">
        <ele>507.52</ele>
      </trkpt>
      <trkpt lat="1.82677" lon="103.87016">
        <ele>507.29</ele>
      </trkpt>
      <trkpt lat="1.82679" lon="103.8703">
        <ele>506.01</ele>
      </trkpt>
      <trkpt lat="1.82679" lon="103.87032">
        <ele>505.41</ele>
      </trkpt>
      <trkpt lat="1.82681" lon="103.87035">
        <ele>505.03</ele>
      </trkpt>
      <trkpt lat="1.82685" lon="103.87044">
        <ele>503.66</ele>
      </trkpt>
      <trkpt lat="1.82685" lon="103.87046">
        <ele>503.13</ele>
      </trkpt>
      <trkpt lat="1.82684" lon="103.8705">
        <ele>501.74</ele>
      </trkpt>
      <trkpt lat="1.82686" lon="103.87068">
        <ele>498.18</ele>
      </trkpt>
      <trkpt lat="1.82689" lon="103.87078">
        <ele>497.37</ele>
      </trkpt>
      <trkpt lat="1.82691" lon="103.87086">
        <ele>496.36</ele>
      </trkpt>
      <trkpt lat="1.82691" lon="103.87093">
        <ele>494.0</ele>
      </trkpt>
      <trkpt lat="1.82692" lon="103.87097">
        <ele>493.21</ele>
      </trkpt>
      <trkpt lat="1.82694" lon="103.871">
        <ele>493.35</ele>
      </trkpt>
      <trkpt lat="1.82697" lon="103.87109">
        <ele>492.31</ele>
      </trkpt>
      <trkpt lat="1.82701" lon="103.87115">
        <ele>493.19</ele>
      </trkpt>
      <trkpt lat="1.82703" lon="103.8712">
        <ele>493.18</ele>
      </trkpt>
      <trkpt lat="1.82703" lon="103.87122">
        <ele>492.65</ele>
      </trkpt>
      <trkpt lat="1.82705" lon="103.87124">
        <ele>493.48</ele>
      </trkpt>
      <trkpt lat="1.82708" lon="103.87131">
        <ele>493.75</ele>
      </trkpt>
      <trkpt lat="1.82709" lon="103.87132">
        <ele>494.2</ele>
      </trkpt>
      <trkpt lat="1.82709" lon="103.87135">
        <ele>493.45</ele>
      </trkpt>
      <trkpt lat="1.82713" lon="103.87141">
        <ele>494.88</ele>
      </trkpt>
      <trkpt lat="1.82715" lon="103.87149">
        <ele>494.6</ele>
      </trkpt>
      <trkpt lat="1.82716" lon="103.8716">
        <ele>493.04</ele>
      </trkpt>
      <trkpt lat="1.82719" lon="103.87164">
        <ele>494.74</ele>
      </trkpt>
      <trkpt lat="1.8272" lon="103.87168">
        <ele>495.04</ele>
      </trkpt>
      <trkpt lat="1.82721" lon="103.87172">
        <ele>495.77</ele>
      </trkpt>
      <trkpt lat="1.82722" lon="103.87175">
        <ele>496.51</ele>
      </trkpt>
      <trkpt lat="1.82723" lon="103.87178">
        <ele>497.24</ele>
      </trkpt>
      <trkpt lat="1.82724" lon="103.8718">
        <ele>497.99</ele>
      </trkpt>
      <trkpt lat="1.82727" lon="103.87188">
        <ele>500.1</ele>
      </trkpt>
      <trkpt lat="1.82727" lon="103.87194">
        <ele>499.81</ele>
      </trkpt>
      <trkpt lat="1.82727" lon="103.87199">
        <ele>499.59</ele>
      </trkpt>
      <trkpt lat="1.82728" lon="103.87202">
        <ele>500.25</ele>
      </trkpt>
      <trkpt lat="1.82728" lon="103.87204">
        <ele>500.16</ele>
      </trkpt>
      <trkpt lat="1.8273" lon="103.87209">
        <ele>501.49</ele>
      </trkpt>
      <trkpt lat="1.8273" lon="103.87214">
        <ele>501.26</ele>
      </trkpt>
      <trkpt lat="1.8273" lon="103.87226">
        <ele>500.67</ele>
      </trkpt>
      <trkpt lat="1.82731" lon="103.87232">
        <ele>501.06</ele>
      </trkpt>
      <trkpt lat="1.82731" lon="103.87242">
        <ele>500.47</ele>
      </trkpt>
      <trkpt lat="1.82734" lon="103.87253">
        <ele>502.06</ele>
      </trkpt>
      <trkpt lat="1.82736" lon="103.87259">
        <ele>503.42</ele>
      </trkpt>
      <trkpt lat="1.82739" lon="103.87263">
        <ele>505.48</ele>
      </trkpt>
      <trkpt lat="1.82741" lon="103.87267">
        <ele>506.84</ele>
      </trkpt>
      <trkpt lat="1.82743" lon="103.8727">
        <ele>508.21</ele>
      </trkpt>
      <trkpt lat="1.82743" lon="103.87273">
        <ele>508.21</ele>
      </trkpt>
      <trkpt lat="1.82743" lon="103.87277">
        <ele>508.21</ele>
      </trkpt>
      <trkpt lat="1.82743" lon="103.87279">
        <ele>508.26</ele>
      </trkpt>
      <trkpt lat="1.82739" lon="103.87283">
        <ele>505.66</ele>
      </trkpt>
      <trkpt lat="1.82732" lon="103.87289">
        <ele>501.09</ele>
      </trkpt>
      <trkpt lat="1.82731" lon="103.87291">
        <ele>500.48</ele>
      </trkpt>
      <trkpt lat="1.82729" lon="103.87295">
        <ele>499.26</ele>
      </trkpt>
      <trkpt lat="1.82726" lon="103.87301">
        <ele>497.42</ele>
      </trkpt>
      <trkpt lat="1.82725" lon="103.87306">
        <ele>496.9</ele>
      </trkpt>
      <trkpt lat="1.82724" lon="103.87311">
        <ele>496.22</ele>
      </trkpt>
      <trkpt lat="1.82724" lon="103.87316">
        <ele>496.22</ele>
      </trkpt>
      <trkpt lat="1.82724" lon="103.87316">
        <ele>496.22</ele>
      </trkpt>
      <trkpt lat="1.82725" lon="103.8732">
        <ele>496.9</ele>
      </trkpt>
      <trkpt lat="1.82724" lon="103.87326">
        <ele>496.22</ele>
      </trkpt>
      <trkpt lat="1.82722" lon="103.87333">
        <ele>494.85</ele>
      </trkpt>
      <trkpt lat="1.82718" lon="103.87342">
        <ele>492.02</ele>
      </trkpt>
      <trkpt lat="1.82717" lon="103.87343">
        <ele>491.3</ele>
      </trkpt>
      <trkpt lat="1.82713" lon="103.87349">
        <ele>488.32</ele>
      </trkpt>
      <trkpt lat="1.8271" lon="103.87358">
        <ele>485.86</ele>
      </trkpt>
      <trkpt lat="1.82706" lon="103.87362">
        <ele>482.69</ele>
      </trkpt>
      <trkpt lat="1.82699" lon="103.87374">
        <ele>476.59</ele>
      </trkpt>
      <trkpt lat="1.82694" lon="103.87387">
        <ele>471.79</ele>
      </trkpt>
      <trkpt lat="1.82693" lon="103.87393">
        <ele>470.55</ele>
      </trkpt>
      <trkpt lat="1.82692" lon="103.87397">
        <ele>469.45</ele>
      </trkpt>
      <trkpt lat="1.82692" lon="103.87403">
        <ele>469.0</ele>
      </trkpt>
      <trkpt lat="1.82691" lon="103.87407">
        <ele>467.89</ele>
      </trkpt>
      <trkpt lat="1.82692" lon="103.87413">
        <ele>468.25</ele>
      </trkpt>
      <trkpt lat="1.8269" lon="103.87424">
        <ele>467.2</ele>
      </trkpt>
      <trkpt lat="1.8269" lon="103.87425">
        <ele>467.32</ele>
      </trkpt>
      <trkpt lat="1.8269" lon="103.87429">
        <ele>467.79</ele>
      </trkpt>
      <trkpt lat="1.82689" lon="103.87433">
        <ele>467.49</ele>
      </trkpt>
      <trkpt lat="1.82689" lon="103.87438">
        <ele>468.1</ele>
      </trkpt>
      <trkpt lat="1.82689" lon="103.87443">
        <ele>468.71</ele>
      </trkpt>
      <trkpt lat="1.82688" lon="103.87451">
        <ele>468.71</ele>
      </trkpt>
      <trkpt lat="1.82689" lon="103.87456">
        <ele>469.88</ele>
      </trkpt>
      <trkpt lat="1.82687" lon="103.87461">
        <ele>468.88</ele>
      </trkpt>
      <trkpt lat="1.82686" lon="103.8747">
        <ele>469.02</ele>
      </trkpt>
      <trkpt lat="1.82686" lon="103.87482">
        <ele>470.25</ele>
      </trkpt>
      <trkpt lat="1.82687" lon="103.87485">
        <ele>471.2</ele>
      </trkpt>
      <trkpt lat="1.82687" lon="103.87488">
        <ele>471.5</ele>
      </trkpt>
      <trkpt lat="1.82687" lon="103.87492">
        <ele>471.9</ele>
      </trkpt>
      <trkpt lat="1.82688" lon="103.87497">
        <ele>473.0</ele>
      </trkpt>
      <trkpt lat="1.82691" lon="103.87504">
        <ele>475.34</ele>
      </trkpt>
      <trkpt lat="1.8269" lon="103.8751">
        <ele>475.28</ele>
      </trkpt>
      <trkpt lat="1.8269" lon="103.87514">
        <ele>475.61</ele>
      </trkpt>
      <trkpt lat="1.82691" lon="103.87519">
        <ele>476.55</ele>
      </trkpt>
      <trkpt lat="1.82692" lon="103.87527">
        <ele>477.71</ele>
      </trkpt>
      <trkpt lat="1.82692" lon="103.87538">
        <ele>478.2</ele>
      </trkpt>
      <trkpt lat="1.82692" lon="103.87541">
        <ele>478.33</ele>
      </trkpt>
      <trkpt lat="1.82692" lon="103.87545">
        <ele>478.5</ele>
      </trkpt>
      <trkpt lat="1.82693" lon="103.87549">
        <ele>479.12</ele>
      </trkpt>
      <trkpt lat="1.82693" lon="103.87552">
        <ele>479.23</ele>
      </trkpt>
      <trkpt lat="1.82695" lon="103.87558">
        <ele>480.41</ele>
      </trkpt>
      <trkpt lat="1.82695" lon="103.87561">
        <ele>480.62</ele>
      </trkpt>
      <trkpt lat="1.82696" lon="103.87565">
        <ele>481.29</ele>
      </trkpt>
      <trkpt lat="1.82697" lon="103.87574">
        <ele>482.25</ele>
      </trkpt>
      <trkpt lat="1.82697" lon="103.87578">
        <ele>482.5</ele>
      </trkpt>
      <trkpt lat="1.82699" lon="103.87583">
        <ele>483.46</ele>
      </trkpt>
      <trkpt lat="1.827" lon="103.87593">
        <ele>482.55</ele>
      </trkpt>
      <trkpt lat="1.827" lon="103.876">
        <ele>481.64</ele>
      </trkpt>
      <trkpt lat="1.827" lon="103.87603">
        <ele>481.25</ele>
      </trkpt>
      <trkpt lat="1.827" lon="103.87607">
        <ele>480.73</ele>
      </trkpt>
      <trkpt lat="1.82701" lon="103.87612">
        <ele>480.45</ele>
      </trkpt>
      <trkpt lat="1.82701" lon="103.87615">
        <ele>479.96</ele>
      </trkpt>
      <trkpt lat="1.82702" lon="103.87619">
        <ele>479.73</ele>
      </trkpt>
      <trkpt lat="1.82705" lon="103.87624">
        <ele>480.21</ele>
      </trkpt>
      <trkpt lat="1.82705" lon="103.87626">
        <ele>479.91</ele>
      </trkpt>
      <trkpt lat="1.82706" lon="103.87629">
        <ele>479.89</ele>
      </trkpt>
      <trkpt lat="1.82706" lon="103.87634">
        <ele>479.14</ele>
      </trkpt>
      <trkpt lat="1.82707" lon="103.87639">
        <ele>478.86</ele>
      </trkpt>
      <trkpt lat="1.82708" lon="103.87651">
        <ele>478.03</ele>
      </trkpt>
      <trkpt lat="1.8271" lon="103.87655">
        <ele>478.61</ele>
      </trkpt>
      <trkpt lat="1.82711" lon="103.87657">
        <ele>478.92</ele>
      </trkpt>
      <trkpt lat="1.82712" lon="103.87659">
        <ele>479.24</ele>
      </trkpt>
      <trkpt lat="1.82711" lon="103.87662">
        <ele>478.41</ele>
      </trkpt>
      <trkpt lat="1.82713" lon="103.87665">
        <ele>479.18</ele>
      </trkpt>
      <trkpt lat="1.82714" lon="103.8767">
        <ele>478.68</ele>
      </trkpt>
      <trkpt lat="1.82714" lon="103.87677">
        <ele>476.85</ele>
      </trkpt>
      <trkpt lat="1.82715" lon="103.87683">
        <ele>475.83</ele>
      </trkpt>
      <trkpt lat="1.82715" lon="103.87686">
        <ele>475.05</ele>
      </trkpt>
      <trkpt lat="1.82715" lon="103.87688">
        <ele>474.52</ele>
      </trkpt>
      <trkpt lat="1.82715" lon="103.87695">
        <ele>472.7</ele>
      </trkpt>
      <trkpt lat="1.82716" lon="103.87702">
        <ele>471.6</ele>
      </trkpt>
      <trkpt lat="1.82716" lon="103.87708">
        <ele>470.16</ele>
      </trkpt>
      <trkpt lat="1.82718" lon="103.87738">
        <ele>464.44</ele>
      </trkpt>
      <trkpt lat="1.8274" lon="103.87771">
        <ele>475.3</ele>
      </trkpt>
      <trkpt lat="1.82741" lon="103.87773">
        <ele>475.73</ele>
      </trkpt>
      <trkpt lat="1.82757" lon="103.87793">
        <ele>480.15</ele>
      </trkpt>
      <trkpt lat="1.8277" lon="103.87808">
        <ele>479.5</ele>
      </trkpt>
      <trkpt lat="1.82779" lon="103.87818">
        <ele>479.42</ele>
      </trkpt>
      <trkpt lat="1.82784" lon="103.87822">
        <ele>479.79</ele>
      </trkpt>
      <trkpt lat="1.82787" lon="103.87826">
        <ele>479.87</ele>
      </trkpt>
      <trkpt lat="1.8279" lon="103.87831">
        <ele>479.9</ele>
      </trkpt>
      <trkpt lat="1.82793" lon="103.87836">
        <ele>479.81</ele>
      </trkpt>
      <trkpt lat="1.82794" lon="103.87839">
        <ele>479.48</ele>
      </trkpt>
      <trkpt lat="1.82796" lon="103.87842">
        <ele>479.38</ele>
      </trkpt>
      <trkpt lat="1.82799" lon="103.87846">
        <ele>479.3</ele>
      </trkpt>
      <trkpt lat="1.828" lon="103.87852">
        <ele>478.44</ele>
      </trkpt>
      <trkpt lat="1.82802" lon="103.8786">
        <ele>477.43</ele>
      </trkpt>
      <trkpt lat="1.82803" lon="103.87862">
        <ele>477.32</ele>
      </trkpt>
      <trkpt lat="1.82803" lon="103.87866">
        <ele>476.73</ele>
      </trkpt>
      <trkpt lat="1.82804" lon="103.87868">
        <ele>476.66</ele>
      </trkpt>
      <trkpt lat="1.82804" lon="103.8787">
        <ele>476.37</ele>
      </trkpt>
      <trkpt lat="1.82806" lon="103.87876">
        <ele>475.97</ele>
      </trkpt>
      <trkpt lat="1.82806" lon="103.87878">
        <ele>475.68</ele>
      </trkpt>
      <trkpt lat="1.82808" lon="103.87886">
        <ele>475.03</ele>
      </trkpt>
      <trkpt lat="1.8281" lon="103.87889">
        <ele>475.1</ele>
      </trkpt>
      <trkpt lat="1.82811" lon="103.87897">
        <ele>474.26</ele>
      </trkpt>
      <trkpt lat="1.82814" lon="103.87903">
        <ele>474.25</ele>
      </trkpt>
      <trkpt lat="1.82814" lon="103.87905">
        <ele>473.98</ele>
      </trkpt>
      <trkpt lat="1.82815" lon="103.87909">
        <ele>473.73</ele>
      </trkpt>
      <trkpt lat="1.82814" lon="103.87919">
        <ele>472.48</ele>
      </trkpt>
      <trkpt lat="1.82813" lon="103.87924">
        <ele>472.29</ele>
      </trkpt>
      <trkpt lat="1.82812" lon="103.87926">
        <ele>472.01</ele>
      </trkpt>
      <trkpt lat="1.82812" lon="103.87928">
        <ele>472.05</ele>
      </trkpt>
      <trkpt lat="1.82812" lon="103.8793">
        <ele>472.08</ele>
      </trkpt>
      <trkpt lat="1.82811" lon="103.87932">
        <ele>471.78</ele>
      </trkpt>
      <trkpt lat="1.82811" lon="103.87933">
        <ele>471.8</ele>
      </trkpt>
      <trkpt lat="1.82812" lon="103.87936">
        <ele>472.18</ele>
      </trkpt>
      <trkpt lat="1.82815" lon="103.87939">
        <ele>473.27</ele>
      </trkpt>
      <trkpt lat="1.82817" lon="103.87945">
        <ele>474.14</ele>
      </trkpt>
      <trkpt lat="1.82818" lon="103.87948">
        <ele>474.61</ele>
      </trkpt>
      <trkpt lat="1.82817" lon="103.87949">
        <ele>474.28</ele>
      </trkpt>
      <trkpt lat="1.82817" lon="103.87952">
        <ele>474.39</ele>
      </trkpt>
      <trkpt lat="1.82819" lon="103.87956">
        <ele>475.26</ele>
      </trkpt>
      <trkpt lat="1.82819" lon="103.87959">
        <ele>475.36</ele>
      </trkpt>
      <trkpt lat="1.8282" lon="103.87961">
        <ele>475.8</ele>
      </trkpt>
      <trkpt lat="1.8282" lon="103.87967">
        <ele>476.01</ele>
      </trkpt>
      <trkpt lat="1.82821" lon="103.87972">
        <ele>476.55</ele>
      </trkpt>
      <trkpt lat="1.8282" lon="103.87974">
        <ele>476.3</ele>
      </trkpt>
      <trkpt lat="1.82822" lon="103.87978">
        <ele>477.25</ele>
      </trkpt>
      <trkpt lat="1.82821" lon="103.87979">
        <ele>476.94</ele>
      </trkpt>
      <trkpt lat="1.82822" lon="103.87981">
        <ele>477.42</ele>
      </trkpt>
      <trkpt lat="1.82821" lon="103.87987">
        <ele>477.39</ele>
      </trkpt>
      <trkpt lat="1.82822" lon="103.87992">
        <ele>478.05</ele>
      </trkpt>
      <trkpt lat="1.82824" lon="103.87996">
        <ele>479.06</ele>
      </trkpt>
      <trkpt lat="1.82824" lon="103.87997">
        <ele>479.12</ele>
      </trkpt>
      <trkpt lat="1.82825" lon="103.88001">
        <ele>479.82</ele>
      </trkpt>
      <trkpt lat="1.82826" lon="103.88007">
        <ele>480.92</ele>
      </trkpt>
      <trkpt lat="1.82826" lon="103.88013">
        <ele>481.62</ele>
      </trkpt>
      <trkpt lat="1.82825" lon="103.88019">
        <ele>481.96</ele>
      </trkpt>
      <trkpt lat="1.82825" lon="103.88022">
        <ele>482.31</ele>
      </trkpt>
      <trkpt lat="1.82825" lon="103.88025">
        <ele>482.67</ele>
      </trkpt>
      <trkpt lat="1.82826" lon="103.88028">
        <ele>483.38</ele>
      </trkpt>
      <trkpt lat="1.82826" lon="103.88033">
        <ele>483.84</ele>
      </trkpt>
      <trkpt lat="1.82828" lon="103.88037">
        <ele>484.87</ele>
      </trkpt>
      <trkpt lat="1.82828" lon="103.88043">
        <ele>485.39</ele>
      </trkpt>
      <trkpt lat="1.82829" lon="103.88048">
        <ele>486.12</ele>
      </trkpt>
      <trkpt lat="1.82831" lon="103.88053">
        <ele>487.13</ele>
      </trkpt>
      <trkpt lat="1.82832" lon="103.88059">
        <ele>487.99</ele>
      </trkpt>
      <trkpt lat="1.82833" lon="103.88063">
        <ele>488.71</ele>
      </trkpt>
      <trkpt lat="1.82834" lon="103.88068">
        <ele>489.11</ele>
      </trkpt>
      <trkpt lat="1.82834" lon="103.8807">
        <ele>489.33</ele>
      </trkpt>
      <trkpt lat="1.82836" lon="103.88075">
        <ele>489.21</ele>
      </trkpt>
      <trkpt lat="1.82836" lon="103.88077">
        <ele>489.43</ele>
      </trkpt>
      <trkpt lat="1.82836" lon="103.88088">
        <ele>490.3</ele>
      </trkpt>
      <trkpt lat="1.82836" lon="103.88091">
        <ele>490.41</ele>
      </trkpt>
      <trkpt lat="1.82835" lon="103.88093">
        <ele>490.81</ele>
      </trkpt>
      <trkpt lat="1.82834" lon="103.88093">
        <ele>491.13</ele>
      </trkpt>
      <trkpt lat="1.82833" lon="103.88095">
        <ele>491.33</ele>
      </trkpt>
      <trkpt lat="1.82832" lon="103.88097">
        <ele>491.13</ele>
      </trkpt>
      <trkpt lat="1.82831" lon="103.88099">
        <ele>490.93</ele>
      </trkpt>
      <trkpt lat="1.82829" lon="103.881">
        <ele>490.41</ele>
      </trkpt>
      <trkpt lat="1.82827" lon="103.88103">
        <ele>489.95</ele>
      </trkpt>
      <trkpt lat="1.82824" lon="103.88108">
        <ele>489.24</ele>
      </trkpt>
      <trkpt lat="1.82822" lon="103.88114">
        <ele>488.9</ele>
      </trkpt>
      <trkpt lat="1.82824" lon="103.88123">
        <ele>490.02</ele>
      </trkpt>
      <trkpt lat="1.82825" lon="103.88125">
        <ele>490.45</ele>
      </trkpt>
      <trkpt lat="1.82825" lon="103.88132">
        <ele>490.88</ele>
      </trkpt>
      <trkpt lat="1.82827" lon="103.88139">
        <ele>491.95</ele>
      </trkpt>
      <trkpt lat="1.82828" lon="103.88146">
        <ele>492.48</ele>
      </trkpt>
      <trkpt lat="1.8283" lon="103.88148">
        <ele>493.21</ele>
      </trkpt>
      <trkpt lat="1.82831" lon="103.88153">
        <ele>493.71</ele>
      </trkpt>
      <trkpt lat="1.82834" lon="103.88155">
        <ele>494.33</ele>
      </trkpt>
      <trkpt lat="1.82836" lon="103.88161">
        <ele>493.76</ele>
      </trkpt>
      <trkpt lat="1.8284" lon="103.88168">
        <ele>492.22</ele>
      </trkpt>
      <trkpt lat="1.82843" lon="103.88173">
        <ele>490.49</ele>
      </trkpt>
      <trkpt lat="1.82847" lon="103.88177">
        <ele>488.47</ele>
      </trkpt>
      <trkpt lat="1.82848" lon="103.88179">
        <ele>487.86</ele>
      </trkpt>
      <trkpt lat="1.8285" lon="103.88181">
        <ele>486.85</ele>
      </trkpt>
      <trkpt lat="1.82851" lon="103.88183">
        <ele>486.24</ele>
      </trkpt>
      <trkpt lat="1.82852" lon="103.88185">
        <ele>485.63</ele>
      </trkpt>
      <trkpt lat="1.82854" lon="103.88188">
        <ele>484.51</ele>
      </trkpt>
      <trkpt lat="1.82855" lon="103.88192">
        <ele>483.68</ele>
      </trkpt>
      <trkpt lat="1.82856" lon="103.88197">
        <ele>482.84</ele>
      </trkpt>
      <trkpt lat="1.82857" lon="103.882">
        <ele>482.23</ele>
      </trkpt>
      <trkpt lat="1.82857" lon="103.88202">
        <ele>482.08</ele>
      </trkpt>
      <trkpt lat="1.82857" lon="103.88204">
        <ele>481.94</ele>
      </trkpt>
      <trkpt lat="1.82858" lon="103.88206">
        <ele>481.4</ele>
      </trkpt>
      <trkpt lat="1.82856" lon="103.88209">
        <ele>481.98</ele>
      </trkpt>
      <trkpt lat="1.82854" lon="103.88213">
        <ele>482.48</ele>
      </trkpt>
      <trkpt lat="1.82853" lon="103.88217">
        <ele>482.59</ele>
      </trkpt>
      <trkpt lat="1.82852" lon="103.8822">
        <ele>482.77</ele>
      </trkpt>
      <trkpt lat="1.82854" lon="103.88224">
        <ele>481.62</ele>
      </trkpt>
      <trkpt lat="1.82854" lon="103.88226">
        <ele>481.41</ele>
      </trkpt>
      <trkpt lat="1.82857" lon="103.88231">
        <ele>479.68</ele>
      </trkpt>
      <trkpt lat="1.82858" lon="103.88232">
        <ele>479.18</ele>
      </trkpt>
      <trkpt lat="1.82858" lon="103.88234">
        <ele>478.96</ele>
      </trkpt>
      <trkpt lat="1.82856" lon="103.8824">
        <ele>479.1</ele>
      </trkpt>
      <trkpt lat="1.82855" lon="103.88246">
        <ele>478.85</ele>
      </trkpt>
      <trkpt lat="1.82852" lon="103.88257">
        <ele>477.09</ele>
      </trkpt>
      <trkpt lat="1.82852" lon="103.88263">
        <ele>474.93</ele>
      </trkpt>
      <trkpt lat="1.82852" lon="103.88266">
        <ele>473.85</ele>
      </trkpt>
      <trkpt lat="1.82852" lon="103.88268">
        <ele>473.13</ele>
      </trkpt>
      <trkpt lat="1.82851" lon="103.8827">
        <ele>472.8</ele>
      </trkpt>
      <trkpt lat="1.82851" lon="103.88271">
        <ele>472.44</ele>
      </trkpt>
      <trkpt lat="1.82851" lon="103.88272">
        <ele>472.08</ele>
      </trkpt>
      <trkpt lat="1.8285" lon="103.88274">
        <ele>471.76</ele>
      </trkpt>
      <trkpt lat="1.82851" lon="103.88276">
        <ele>470.64</ele>
      </trkpt>
      <trkpt lat="1.82846" lon="103.88284">
        <ele>466.58</ele>
      </trkpt>
      <trkpt lat="1.82845" lon="103.88287">
        <ele>464.05</ele>
      </trkpt>
      <trkpt lat="1.82846" lon="103.88293">
        <ele>458.75</ele>
      </trkpt>
      <trkpt lat="1.82846" lon="103.88298">
        <ele>454.41</ele>
      </trkpt>
      <trkpt lat="1.82845" lon="103.88301">
        <ele>451.41</ele>
      </trkpt>
      <trkpt lat="1.82845" lon="103.88303">
        <ele>449.61</ele>
      </trkpt>
      <trkpt lat="1.82844" lon="103.88309">
        <ele>443.27</ele>
      </trkpt>
      <trkpt lat="1.82843" lon="103.88312">
        <ele>439.71</ele>
      </trkpt>
      <trkpt lat="1.82842" lon="103.88315">
        <ele>436.18</ele>
      </trkpt>
      <trkpt lat="1.82842" lon="103.88316">
        <ele>435.18</ele>
      </trkpt>
      <trkpt lat="1.82841" lon="103.88321">
        <ele>429.67</ele>
      </trkpt>
      <trkpt lat="1.82841" lon="103.88325">
        <ele>425.66</ele>
      </trkpt>
      <trkpt lat="1.8284" lon="103.88329">
        <ele>421.2</ele>
      </trkpt>
      <trkpt lat="1.8284" lon="103.88342">
        <ele>413.01</ele>
      </trkpt>
      <trkpt lat="1.8284" lon="103.88346">
        <ele>411.23</ele>
      </trkpt>
      <trkpt lat="1.8284" lon="103.88351">
        <ele>408.99</ele>
      </trkpt>
      <trkpt lat="1.8284" lon="103.88352">
        <ele>408.55</ele>
      </trkpt>
      <trkpt lat="1.8284" lon="103.88354">
        <ele>407.65</ele>
      </trkpt>
      <trkpt lat="1.8284" lon="103.88362">
        <ele>404.03</ele>
      </trkpt>
      <trkpt lat="1.82842" lon="103.8838">
        <ele>395.44</ele>
      </trkpt>
      <trkpt lat="1.82846" lon="103.8841">
        <ele>393.8</ele>
      </trkpt>
      <trkpt lat="1.82852" lon="103.88443">
        <ele>397.9</ele>
      </trkpt>
      <trkpt lat="1.82852" lon="103.88445">
        <ele>398.16</ele>
      </trkpt>
      <trkpt lat="1.82856" lon="103.88461">
        <ele>403.8</ele>
      </trkpt>
      <trkpt lat="1.82857" lon="103.88466">
        <ele>405.83</ele>
      </trkpt>
      <trkpt lat="1.82859" lon="103.8847">
        <ele>408.12</ele>
      </trkpt>
      <trkpt lat="1.8286" lon="103.88476">
        <ele>409.02</ele>
      </trkpt>
      <trkpt lat="1.8286" lon="103.88489">
        <ele>407.58</ele>
      </trkpt>
      <trkpt lat="1.82861" lon="103.88494">
        <ele>407.59</ele>
      </trkpt>
      <trkpt lat="1.8286" lon="103.88503">
        <ele>406.38</ele>
      </trkpt>
      <trkpt lat="1.8286" lon="103.88508">
        <ele>406.42</ele>
      </trkpt>
      <trkpt lat="1.8286" lon="103.88512">
        <ele>406.45</ele>
      </trkpt>
      <trkpt lat="1.8286" lon="103.88517">
        <ele>406.48</ele>
      </trkpt>
      <trkpt lat="1.8286" lon="103.88527">
        <ele>406.55</ele>
      </trkpt>
      <trkpt lat="1.8286" lon="103.8853">
        <ele>407.13</ele>
      </trkpt>
      <trkpt lat="1.8286" lon="103.88533">
        <ele>407.91</ele>
      </trkpt>
      <trkpt lat="1.82859" lon="103.88535">
        <ele>408.06</ele>
      </trkpt>
      <trkpt lat="1.82859" lon="103.88537">
        <ele>408.59</ele>
      </trkpt>
      <trkpt lat="1.82858" lon="103.8854">
        <ele>409.05</ele>
      </trkpt>
      <trkpt lat="1.82858" lon="103.88544">
        <ele>410.12</ele>
      </trkpt>
      <trkpt lat="1.82858" lon="103.88546">
        <ele>410.65</ele>
      </trkpt>
      <trkpt lat="1.82859" lon="103.88558">
        <ele>414.92</ele>
      </trkpt>
      <trkpt lat="1.8286" lon="103.88561">
        <ele>417.0</ele>
      </trkpt>
      <trkpt lat="1.8286" lon="103.88566">
        <ele>420.02</ele>
      </trkpt>
      <trkpt lat="1.8286" lon="103.88571">
        <ele>423.04</ele>
      </trkpt>
      <trkpt lat="1.8286" lon="103.88577">
        <ele>426.66</ele>
      </trkpt>
      <trkpt lat="1.82859" lon="103.8858">
        <ele>428.03</ele>
      </trkpt>
      <trkpt lat="1.82859" lon="103.88589">
        <ele>431.31</ele>
      </trkpt>
      <trkpt lat="1.82859" lon="103.88599">
        <ele>433.61</ele>
      </trkpt>
      <trkpt lat="1.8286" lon="103.88601">
        <ele>434.42</ele>
      </trkpt>
      <trkpt lat="1.82859" lon="103.88606">
        <ele>435.22</ele>
      </trkpt>
      <trkpt lat="1.8286" lon="103.88611">
        <ele>436.66</ele>
      </trkpt>
      <trkpt lat="1.82861" lon="103.88613">
        <ele>437.78</ele>
      </trkpt>
      <trkpt lat="1.82863" lon="103.88616">
        <ele>439.34</ele>
      </trkpt>
      <trkpt lat="1.82864" lon="103.88619">
        <ele>440.66</ele>
      </trkpt>
      <trkpt lat="1.82865" lon="103.88622">
        <ele>441.91</ele>
      </trkpt>
      <trkpt lat="1.82865" lon="103.88624">
        <ele>442.68</ele>
      </trkpt>
      <trkpt lat="1.82866" lon="103.88627">
        <ele>443.84</ele>
      </trkpt>
      <trkpt lat="1.82866" lon="103.88631">
        <ele>445.34</ele>
      </trkpt>
      <trkpt lat="1.82867" lon="103.88632">
        <ele>445.65</ele>
      </trkpt>
      <trkpt lat="1.82866" lon="103.88634">
        <ele>446.46</ele>
      </trkpt>
      <trkpt lat="1.82867" lon="103.88636">
        <ele>447.1</ele>
      </trkpt>
      <trkpt lat="1.82868" lon="103.8864">
        <ele>448.07</ele>
      </trkpt>
      <trkpt lat="1.82867" lon="103.88646">
        <ele>448.48</ele>
      </trkpt>
      <trkpt lat="1.82868" lon="103.88653">
        <ele>448.76</ele>
      </trkpt>
      <trkpt lat="1.82868" lon="103.88657">
        <ele>448.98</ele>
      </trkpt>
      <trkpt lat="1.8287" lon="103.88667">
        <ele>449.7</ele>
      </trkpt>
      <trkpt lat="1.82871" lon="103.88678">
        <ele>451.58</ele>
      </trkpt>
      <trkpt lat="1.82872" lon="103.88681">
        <ele>452.07</ele>
      </trkpt>
      <trkpt lat="1.82872" lon="103.88683">
        <ele>452.39</ele>
      </trkpt>
      <trkpt lat="1.82873" lon="103.88686">
        <ele>452.84</ele>
      </trkpt>
      <trkpt lat="1.82874" lon="103.88699">
        <ele>452.76</ele>
      </trkpt>
      <trkpt lat="1.82875" lon="103.88704">
        <ele>451.25</ele>
      </trkpt>
      <trkpt lat="1.82876" lon="103.88708">
        <ele>450.02</ele>
      </trkpt>
      <trkpt lat="1.82877" lon="103.88713">
        <ele>448.51</ele>
      </trkpt>
      <trkpt lat="1.82878" lon="103.88719">
        <ele>446.71</ele>
      </trkpt>
      <trkpt lat="1.82878" lon="103.88725">
        <ele>444.58</ele>
      </trkpt>
      <trkpt lat="1.82879" lon="103.8873">
        <ele>442.35</ele>
      </trkpt>
      <trkpt lat="1.82879" lon="103.88738">
        <ele>438.9</ele>
      </trkpt>
      <trkpt lat="1.8288" lon="103.88746">
        <ele>435.37</ele>
      </trkpt>
      <trkpt lat="1.82881" lon="103.88752">
        <ele>433.21</ele>
      </trkpt>
      <trkpt lat="1.82881" lon="103.88756">
        <ele>432.49</ele>
      </trkpt>
      <trkpt lat="1.82883" lon="103.8876">
        <ele>431.81</ele>
      </trkpt>
      <trkpt lat="1.82884" lon="103.88764">
        <ele>431.22</ele>
      </trkpt>
      <trkpt lat="1.82884" lon="103.8878">
        <ele>428.84</ele>
      </trkpt>
      <trkpt lat="1.82883" lon="103.88782">
        <ele>428.39</ele>
      </trkpt>
      <trkpt lat="1.82884" lon="103.88789">
        <ele>427.69</ele>
      </trkpt>
      <trkpt lat="1.82885" lon="103.88795">
        <ele>427.18</ele>
      </trkpt>
      <trkpt lat="1.82885" lon="103.888">
        <ele>426.56</ele>
      </trkpt>
      <trkpt lat="1.82887" lon="103.88803">
        <ele>426.75</ele>
      </trkpt>
      <trkpt lat="1.82888" lon="103.88807">
        <ele>426.6</ele>
      </trkpt>
      <trkpt lat="1.8289" lon="103.88814">
        <ele>426.46</ele>
      </trkpt>
      <trkpt lat="1.82891" lon="103.88824">
        <ele>425.82</ele>
      </trkpt>
      <trkpt lat="1.82891" lon="103.88828">
        <ele>425.43</ele>
      </trkpt>
      <trkpt lat="1.82893" lon="103.88832">
        <ele>425.89</ele>
      </trkpt>
      <trkpt lat="1.8289" lon="103.88837">
        <ele>424.08</ele>
      </trkpt>
      <trkpt lat="1.82887" lon="103.88853">
        <ele>421.74</ele>
      </trkpt>
      <trkpt lat="1.82887" lon="103.88861">
        <ele>420.88</ele>
      </trkpt>
      <trkpt lat="1.82887" lon="103.88862">
        <ele>420.72</ele>
      </trkpt>
      <trkpt lat="1.82887" lon="103.88864">
        <ele>420.39</ele>
      </trkpt>
      <trkpt lat="1.82888" lon="103.88867">
        <ele>420.03</ele>
      </trkpt>
      <trkpt lat="1.82887" lon="103.88872">
        <ele>419.08</ele>
      </trkpt>
      <trkpt lat="1.82887" lon="103.88876">
        <ele>418.43</ele>
      </trkpt>
      <trkpt lat="1.82887" lon="103.88887">
        <ele>416.63</ele>
      </trkpt>
      <trkpt lat="1.82887" lon="103.88888">
        <ele>416.47</ele>
      </trkpt>
      <trkpt lat="1.8289" lon="103.88903">
        <ele>415.9</ele>
      </trkpt>
      <trkpt lat="1.82896" lon="103.88921">
        <ele>415.55</ele>
      </trkpt>
      <trkpt lat="1.82913" lon="103.88936">
        <ele>419.02</ele>
      </trkpt>
      <trkpt lat="1.82922" lon="103.88954">
        <ele>415.41</ele>
      </trkpt>
      <trkpt lat="1.82927" lon="103.88965">
        <ele>412.04</ele>
      </trkpt>
      <trkpt lat="1.82929" lon="103.88971">
        <ele>410.54</ele>
      </trkpt>
      <trkpt lat="1.82935" lon="103.88981">
        <ele>405.52</ele>
      </trkpt>
      <trkpt lat="1.82937" lon="103.88984">
        <ele>404.53</ele>
      </trkpt>
      <trkpt lat="1.82939" lon="103.88988">
        <ele>403.57</ele>
      </trkpt>
      <trkpt lat="1.8294" lon="103.88994">
        <ele>402.19</ele>
      </trkpt>
      <trkpt lat="1.8294" lon="103.89001">
        <ele>399.83</ele>
      </trkpt>
      <trkpt lat="1.82939" lon="103.89006">
        <ele>395.55</ele>
      </trkpt>
      <trkpt lat="1.8294" lon="103.89012">
        <ele>391.34</ele>
      </trkpt>
      <trkpt lat="1.82941" lon="103.89015">
        <ele>389.25</ele>
      </trkpt>
      <trkpt lat="1.82946" lon="103.89019">
        <ele>386.59</ele>
      </trkpt>
      <trkpt lat="1.8295" lon="103.89022">
        <ele>384.14</ele>
      </trkpt>
      <trkpt lat="1.82959" lon="103.89025">
        <ele>382.13</ele>
      </trkpt>
      <trkpt lat="1.82962" lon="103.89027">
        <ele>380.83</ele>
      </trkpt>
      <trkpt lat="1.82966" lon="103.89031">
        <ele>378.95</ele>
      </trkpt>
      <trkpt lat="1.82971" lon="103.89032">
        <ele>378.79</ele>
      </trkpt>
      <trkpt lat="1.82972" lon="103.89033">
        <ele>378.35</ele>
      </trkpt>
      <trkpt lat="1.82972" lon="103.89033">
        <ele>378.35</ele>
      </trkpt>
      <trkpt lat="1.82976" lon="103.89035">
        <ele>376.98</ele>
      </trkpt>
      <trkpt lat="1.8298" lon="103.89036">
        <ele>376.05</ele>
      </trkpt>
      <trkpt lat="1.82991" lon="103.89037">
        <ele>374.33</ele>
      </trkpt>
      <trkpt lat="1.82993" lon="103.89038">
        <ele>373.53</ele>
      </trkpt>
      <trkpt lat="1.82998" lon="103.89041">
        <ele>371.15</ele>
      </trkpt>
      <trkpt lat="1.83008" lon="103.89043">
        <ele>370.14</ele>
      </trkpt>
      <trkpt lat="1.83013" lon="103.89046">
        <ele>369.19</ele>
      </trkpt>
      <trkpt lat="1.83016" lon="103.89046">
        <ele>369.5</ele>
      </trkpt>
      <trkpt lat="1.8302" lon="103.89048">
        <ele>369.31</ele>
      </trkpt>
      <trkpt lat="1.83026" lon="103.89051">
        <ele>369.5</ele>
      </trkpt>
      <trkpt lat="1.8303" lon="103.89054">
        <ele>369.27</ele>
      </trkpt>
      <trkpt lat="1.83033" lon="103.89056">
        <ele>368.95</ele>
      </trkpt>
      <trkpt lat="1.83036" lon="103.89057">
        <ele>368.87</ele>
      </trkpt>
      <trkpt lat="1.8304" lon="103.89059">
        <ele>368.78</ele>
      </trkpt>
      <trkpt lat="1.83044" lon="103.89062">
        <ele>368.75</ele>
      </trkpt>
      <trkpt lat="1.83053" lon="103.89064">
        <ele>369.16</ele>
      </trkpt>
      <trkpt lat="1.83054" lon="103.89065">
        <ele>369.24</ele>
      </trkpt>
      <trkpt lat="1.83055" lon="103.89065">
        <ele>369.31</ele>
      </trkpt>
      <trkpt lat="1.83058" lon="103.89068">
        <ele>369.24</ele>
      </trkpt>
      <trkpt lat="1.83061" lon="103.89069">
        <ele>369.0</ele>
      </trkpt>
      <trkpt lat="1.83069" lon="103.8907">
        <ele>368.28</ele>
      </trkpt>
      <trkpt lat="1.83072" lon="103.89072">
        <ele>367.95</ele>
      </trkpt>
      <trkpt lat="1.83074" lon="103.89073">
        <ele>367.71</ele>
      </trkpt>
      <trkpt lat="1.83078" lon="103.89079">
        <ele>366.99</ele>
      </trkpt>
      <trkpt lat="1.83082" lon="103.89085">
        <ele>366.2</ele>
      </trkpt>
      <trkpt lat="1.83083" lon="103.89091">
        <ele>366.06</ele>
      </trkpt>
      <trkpt lat="1.83083" lon="103.891">
        <ele>366.07</ele>
      </trkpt>
      <trkpt lat="1.83083" lon="103.89106">
        <ele>366.08</ele>
      </trkpt>
      <trkpt lat="1.83082" lon="103.89111">
        <ele>366.34</ele>
      </trkpt>
      <trkpt lat="1.83082" lon="103.89119">
        <ele>365.13</ele>
      </trkpt>
      <trkpt lat="1.83082" lon="103.89123">
        <ele>364.52</ele>
      </trkpt>
      <trkpt lat="1.83082" lon="103.89128">
        <ele>363.76</ele>
      </trkpt>
      <trkpt lat="1.83083" lon="103.89131">
        <ele>363.18</ele>
      </trkpt>
      <trkpt lat="1.83083" lon="103.89134">
        <ele>362.74</ele>
      </trkpt>
      <trkpt lat="1.83082" lon="103.89139">
        <ele>362.05</ele>
      </trkpt>
      <trkpt lat="1.83082" lon="103.89139">
        <ele>362.05</ele>
      </trkpt>
      <trkpt lat="1.83081" lon="103.89144">
        <ele>360.13</ele>
      </trkpt>
      <trkpt lat="1.8308" lon="103.8915">
        <ele>357.97</ele>
      </trkpt>
      <trkpt lat="1.83079" lon="103.89161">
        <ele>354.13</ele>
      </trkpt>
      <trkpt lat="1.83079" lon="103.89162">
        <ele>353.76</ele>
      </trkpt>
      <trkpt lat="1.83078" lon="103.89166">
        <ele>352.73</ele>
      </trkpt>
      <trkpt lat="1.83077" lon="103.89173">
        <ele>351.93</ele>
      </trkpt>
      <trkpt lat="1.83077" lon="103.89186">
        <ele>349.8</ele>
      </trkpt>
      <trkpt lat="1.83076" lon="103.89191">
        <ele>349.51</ele>
      </trkpt>
      <trkpt lat="1.83076" lon="103.89202">
        <ele>349.62</ele>
      </trkpt>
      <trkpt lat="1.83074" lon="103.89209">
        <ele>351.08</ele>
      </trkpt>
      <trkpt lat="1.83074" lon="103.89213">
        <ele>351.37</ele>
      </trkpt>
      <trkpt lat="1.83072" lon="103.8922">
        <ele>352.55</ele>
      </trkpt>
      <trkpt lat="1.83072" lon="103.89222">
        <ele>352.66</ele>
      </trkpt>
      <trkpt lat="1.8307" lon="103.89227">
        <ele>354.08</ele>
      </trkpt>
      <trkpt lat="1.8307" lon="103.89228">
        <ele>354.24</ele>
      </trkpt>
      <trkpt lat="1.83069" lon="103.89233">
        <ele>355.41</ele>
      </trkpt>
      <trkpt lat="1.83069" lon="103.89239">
        <ele>356.39</ele>
      </trkpt>
      <trkpt lat="1.83068" lon="103.89246">
        <ele>357.95</ele>
      </trkpt>
      <trkpt lat="1.8307" lon="103.89253">
        <ele>359.63</ele>
      </trkpt>
      <trkpt lat="1.83073" lon="103.89255">
        <ele>359.45</ele>
      </trkpt>
      <trkpt lat="1.83075" lon="103.89255">
        <ele>358.5</ele>
      </trkpt>
      <trkpt lat="1.83077" lon="103.89256">
        <ele>358.1</ele>
      </trkpt>
      <trkpt lat="1.83078" lon="103.89257">
        <ele>358.17</ele>
      </trkpt>
      <trkpt lat="1.83081" lon="103.89261">
        <ele>358.78</ele>
      </trkpt>
      <trkpt lat="1.83081" lon="103.89263">
        <ele>359.84</ele>
      </trkpt>
      <trkpt lat="1.83082" lon="103.89273">
        <ele>364.45</ele>
      </trkpt>
      <trkpt lat="1.83085" lon="103.89276">
        <ele>364.99</ele>
      </trkpt>
      <trkpt lat="1.83086" lon="103.89282">
        <ele>370.1</ele>
      </trkpt>
      <trkpt lat="1.83088" lon="103.89285">
        <ele>372.85</ele>
      </trkpt>
      <trkpt lat="1.83089" lon="103.89287">
        <ele>374.68</ele>
      </trkpt>
      <trkpt lat="1.83091" lon="103.89289">
        <ele>376.27</ele>
      </trkpt>
      <trkpt lat="1.83093" lon="103.89291">
        <ele>377.78</ele>
      </trkpt>
      <trkpt lat="1.83094" lon="103.89294">
        <ele>380.37</ele>
      </trkpt>
      <trkpt lat="1.83095" lon="103.89295">
        <ele>381.06</ele>
      </trkpt>
      <trkpt lat="1.83098" lon="103.89298">
        <ele>382.98</ele>
      </trkpt>
      <trkpt lat="1.831" lon="103.89299">
        <ele>383.29</ele>
      </trkpt>
      <trkpt lat="1.83103" lon="103.89303">
        <ele>385.77</ele>
      </trkpt>
      <trkpt lat="1.83103" lon="103.89303">
        <ele>385.77</ele>
      </trkpt>
      <trkpt lat="1.83106" lon="103.89305">
        <ele>386.39</ele>
      </trkpt>
      <trkpt lat="1.83107" lon="103.89307">
        <ele>387.8</ele>
      </trkpt>
      <trkpt lat="1.83109" lon="103.89309">
        <ele>389.0</ele>
      </trkpt>
      <trkpt lat="1.8311" lon="103.89313">
        <ele>392.52</ele>
      </trkpt>
      <trkpt lat="1.8311" lon="103.89315">
        <ele>394.43</ele>
      </trkpt>
      <trkpt lat="1.8311" lon="103.8932">
        <ele>399.21</ele>
      </trkpt>
      <trkpt lat="1.83112" lon="103.89324">
        <ele>402.76</ele>
      </trkpt>
      <trkpt lat="1.83113" lon="103.89329">
        <ele>407.37</ele>
      </trkpt>
      <trkpt lat="1.83114" lon="103.89332">
        <ele>410.0</ele>
      </trkpt>
      <trkpt lat="1.83115" lon="103.89333">
        <ele>410.7</ele>
      </trkpt>
      <trkpt lat="1.83118" lon="103.89338">
        <ele>412.53</ele>
      </trkpt>
      <trkpt lat="1.83121" lon="103.89339">
        <ele>412.56</ele>
      </trkpt>
      <trkpt lat="1.83124" lon="103.89343">
        <ele>414.49</ele>
      </trkpt>
      <trkpt lat="1.83126" lon="103.89342">
        <ele>413.71</ele>
      </trkpt>
      <trkpt lat="1.83129" lon="103.89343">
        <ele>414.11</ele>
      </trkpt>
      <trkpt lat="1.83132" lon="103.89345">
        <ele>415.36</ele>
      </trkpt>
      <trkpt lat="1.83138" lon="103.89349">
        <ele>418.51</ele>
      </trkpt>
      <trkpt lat="1.83138" lon="103.89349">
        <ele>418.51</ele>
      </trkpt>
      <trkpt lat="1.83138" lon="103.8935">
        <ele>419.36</ele>
      </trkpt>
      <trkpt lat="1.83138" lon="103.89351">
        <ele>420.2</ele>
      </trkpt>
      <trkpt lat="1.8314" lon="103.89352">
        <ele>421.32</ele>
      </trkpt>
      <trkpt lat="1.83142" lon="103.89353">
        <ele>422.57</ele>
      </trkpt>
      <trkpt lat="1.83143" lon="103.89354">
        <ele>423.7</ele>
      </trkpt>
      <trkpt lat="1.83144" lon="103.89357">
        <ele>426.75</ele>
      </trkpt>
      <trkpt lat="1.83145" lon="103.89357">
        <ele>427.0</ele>
      </trkpt>
      <trkpt lat="1.83146" lon="103.89357">
        <ele>427.26</ele>
      </trkpt>
      <trkpt lat="1.83147" lon="103.89358">
        <ele>428.51</ele>
      </trkpt>
      <trkpt lat="1.83149" lon="103.89361">
        <ele>432.16</ele>
      </trkpt>
      <trkpt lat="1.8315" lon="103.89364">
        <ele>433.85</ele>
      </trkpt>
      <trkpt lat="1.83151" lon="103.89365">
        <ele>434.65</ele>
      </trkpt>
      <trkpt lat="1.83152" lon="103.89369">
        <ele>436.86</ele>
      </trkpt>
      <trkpt lat="1.83153" lon="103.89371">
        <ele>438.23</ele>
      </trkpt>
      <trkpt lat="1.83155" lon="103.89374">
        <ele>440.62</ele>
      </trkpt>
      <trkpt lat="1.83158" lon="103.89376">
        <ele>443.17</ele>
      </trkpt>
      <trkpt lat="1.83169" lon="103.89381">
        <ele>452.7</ele>
      </trkpt>
      <trkpt lat="1.83172" lon="103.89384">
        <ele>457.23</ele>
      </trkpt>
      <trkpt lat="1.83175" lon="103.89386">
        <ele>461.25</ele>
      </trkpt>
      <trkpt lat="1.83176" lon="103.89387">
        <ele>462.9</ele>
      </trkpt>
      <trkpt lat="1.83178" lon="103.89389">
        <ele>466.23</ele>
      </trkpt>
      <trkpt lat="1.83179" lon="103.89391">
        <ele>467.56</ele>
      </trkpt>
      <trkpt lat="1.83187" lon="103.89395">
        <ele>475.05</ele>
      </trkpt>
      <trkpt lat="1.83191" lon="103.89396">
        <ele>478.44</ele>
      </trkpt>
      <trkpt lat="1.83195" lon="103.89399">
        <ele>481.37</ele>
      </trkpt>
      <trkpt lat="1.83196" lon="103.89401">
        <ele>481.45</ele>
      </trkpt>
      <trkpt lat="1.83202" lon="103.89405">
        <ele>481.78</ele>
      </trkpt>
      <trkpt lat="1.83204" lon="103.89408">
        <ele>482.05</ele>
      </trkpt>
      <trkpt lat="1.83205" lon="103.89407">
        <ele>482.02</ele>
      </trkpt>
      <trkpt lat="1.83206" lon="103.89408">
        <ele>482.13</ele>
      </trkpt>
      <trkpt lat="1.83207" lon="103.89411">
        <ele>482.42</ele>
      </trkpt>
      <trkpt lat="1.83207" lon="103.89414">
        <ele>482.68</ele>
      </trkpt>
      <trkpt lat="1.83207" lon="103.89417">
        <ele>482.89</ele>
      </trkpt>
      <trkpt lat="1.83206" lon="103.89421">
        <ele>482.68</ele>
      </trkpt>
      <trkpt lat="1.83207" lon="103.89424">
        <ele>482.64</ele>
      </trkpt>
      <trkpt lat="1.83208" lon="103.89427">
        <ele>482.6</ele>
      </trkpt>
      <trkpt lat="1.83207" lon="103.89428">
        <ele>482.5</ele>
      </trkpt>
      <trkpt lat="1.83207" lon="103.89429">
        <ele>482.46</ele>
      </trkpt>
      <trkpt lat="1.83207" lon="103.89432">
        <ele>482.35</ele>
      </trkpt>
      <trkpt lat="1.83205" lon="103.89436">
        <ele>482.06</ele>
      </trkpt>
      <trkpt lat="1.83205" lon="103.89445">
        <ele>481.75</ele>
      </trkpt>
      <trkpt lat="1.83207" lon="103.89452">
        <ele>481.78</ele>
      </trkpt>
      <trkpt lat="1.83207" lon="103.89454">
        <ele>481.75</ele>
      </trkpt>
      <trkpt lat="1.83207" lon="103.89456">
        <ele>481.72</ele>
      </trkpt>
      <trkpt lat="1.83205" lon="103.89458">
        <ele>481.57</ele>
      </trkpt>
      <trkpt lat="1.83205" lon="103.89462">
        <ele>481.52</ele>
      </trkpt>
      <trkpt lat="1.83203" lon="103.89467">
        <ele>481.37</ele>
      </trkpt>
      <trkpt lat="1.83204" lon="103.89473">
        <ele>481.2</ele>
      </trkpt>
      <trkpt lat="1.83205" lon="103.89477">
        <ele>480.48</ele>
      </trkpt>
      <trkpt lat="1.83205" lon="103.8948">
        <ele>479.91</ele>
      </trkpt>
      <trkpt lat="1.83205" lon="103.89481">
        <ele>479.72</ele>
      </trkpt>
      <trkpt lat="1.83204" lon="103.89487">
        <ele>478.52</ele>
      </trkpt>
      <trkpt lat="1.83205" lon="103.8949">
        <ele>478.03</ele>
      </trkpt>
      <trkpt lat="1.83205" lon="103.89493">
        <ele>477.46</ele>
      </trkpt>
      <trkpt lat="1.83204" lon="103.89499">
        <ele>476.22</ele>
      </trkpt>
      <trkpt lat="1.83203" lon="103.89503">
        <ele>475.03</ele>
      </trkpt>
      <trkpt lat="1.83202" lon="103.89507">
        <ele>473.78</ele>
      </trkpt>
      <trkpt lat="1.83201" lon="103.89512">
        <ele>472.28</ele>
      </trkpt>
      <trkpt lat="1.832" lon="103.89516">
        <ele>471.11</ele>
      </trkpt>
      <trkpt lat="1.83199" lon="103.89518">
        <ele>470.53</ele>
      </trkpt>
      <trkpt lat="1.83199" lon="103.89523">
        <ele>469.15</ele>
      </trkpt>
      <trkpt lat="1.83198" lon="103.89527">
        <ele>468.08</ele>
      </trkpt>
      <trkpt lat="1.83198" lon="103.89533">
        <ele>465.94</ele>
      </trkpt>
      <trkpt lat="1.832" lon="103.89542">
        <ele>462.48</ele>
      </trkpt>
      <trkpt lat="1.83201" lon="103.89544">
        <ele>461.65</ele>
      </trkpt>
      <trkpt lat="1.83201" lon="103.89548">
        <ele>460.14</ele>
      </trkpt>
      <trkpt lat="1.83202" lon="103.89553">
        <ele>458.15</ele>
      </trkpt>
      <trkpt lat="1.83206" lon="103.89561">
        <ele>454.84</ele>
      </trkpt>
      <trkpt lat="1.83206" lon="103.89563">
        <ele>454.14</ele>
      </trkpt>
      <trkpt lat="1.83206" lon="103.89564">
        <ele>453.79</ele>
      </trkpt>
      <trkpt lat="1.83208" lon="103.89566">
        <ele>452.95</ele>
      </trkpt>
      <trkpt lat="1.83209" lon="103.89567">
        <ele>452.54</ele>
      </trkpt>
      <trkpt lat="1.83208" lon="103.89569">
        <ele>451.92</ele>
      </trkpt>
      <trkpt lat="1.83209" lon="103.89572">
        <ele>450.85</ele>
      </trkpt>
      <trkpt lat="1.83207" lon="103.89576">
        <ele>449.55</ele>
      </trkpt>
      <trkpt lat="1.83207" lon="103.89579">
        <ele>448.5</ele>
      </trkpt>
      <trkpt lat="1.83209" lon="103.89583">
        <ele>447.11</ele>
      </trkpt>
      <trkpt lat="1.83212" lon="103.89586">
        <ele>446.79</ele>
      </trkpt>
      <trkpt lat="1.83214" lon="103.89589">
        <ele>446.64</ele>
      </trkpt>
      <trkpt lat="1.83219" lon="103.89592">
        <ele>446.78</ele>
      </trkpt>
      <trkpt lat="1.83222" lon="103.89593">
        <ele>446.98</ele>
      </trkpt>
      <trkpt lat="1.83224" lon="103.89595">
        <ele>447.08</ele>
      </trkpt>
      <trkpt lat="1.83236" lon="103.89604">
        <ele>449.2</ele>
      </trkpt>
      <trkpt lat="1.83237" lon="103.89607">
        <ele>449.94</ele>
      </trkpt>
      <trkpt lat="1.8324" lon="103.89609">
        <ele>450.99</ele>
      </trkpt>
      <trkpt lat="1.83243" lon="103.89613">
        <ele>452.49</ele>
      </trkpt>
      <trkpt lat="1.83243" lon="103.89615">
        <ele>452.76</ele>
      </trkpt>
      <trkpt lat="1.83243" lon="103.89617">
        <ele>453.03</ele>
      </trkpt>
      <trkpt lat="1.83243" lon="103.89619">
        <ele>453.3</ele>
      </trkpt>
      <trkpt lat="1.83245" lon="103.89622">
        <ele>454.24</ele>
      </trkpt>
      <trkpt lat="1.83246" lon="103.89625">
        <ele>454.92</ele>
      </trkpt>
      <trkpt lat="1.83248" lon="103.89629">
        <ele>456.03</ele>
      </trkpt>
      <trkpt lat="1.83248" lon="103.89632">
        <ele>456.45</ele>
      </trkpt>
      <trkpt lat="1.83249" lon="103.8964">
        <ele>458.14</ele>
      </trkpt>
      <trkpt lat="1.83254" lon="103.89646">
        <ele>461.85</ele>
      </trkpt>
      <trkpt lat="1.83255" lon="103.89648">
        <ele>462.81</ele>
      </trkpt>
      <trkpt lat="1.83261" lon="103.89655">
        <ele>466.34</ele>
      </trkpt>
      <trkpt lat="1.83263" lon="103.89659">
        <ele>467.8</ele>
      </trkpt>
      <trkpt lat="1.83266" lon="103.89667">
        <ele>470.23</ele>
      </trkpt>
      <trkpt lat="1.83267" lon="103.8967">
        <ele>471.07</ele>
      </trkpt>
      <trkpt lat="1.83267" lon="103.89671">
        <ele>471.33</ele>
      </trkpt>
      <trkpt lat="1.8327" lon="103.89677">
        <ele>473.27</ele>
      </trkpt>
      <trkpt lat="1.8327" lon="103.89679">
        <ele>473.81</ele>
      </trkpt>
      <trkpt lat="1.83273" lon="103.89687">
        <ele>476.61</ele>
      </trkpt>
      <trkpt lat="1.83274" lon="103.89691">
        <ele>478.02</ele>
      </trkpt>
      <trkpt lat="1.83277" lon="103.89697">
        <ele>479.98</ele>
      </trkpt>
      <trkpt lat="1.83277" lon="103.89705">
        <ele>480.54</ele>
      </trkpt>
      <trkpt lat="1.83278" lon="103.8971">
        <ele>481.07</ele>
      </trkpt>
      <trkpt lat="1.83279" lon="103.89714">
        <ele>481.08</ele>
      </trkpt>
      <trkpt lat="1.83281" lon="103.89725">
        <ele>480.49</ele>
      </trkpt>
      <trkpt lat="1.83281" lon="103.89731">
        <ele>479.48</ele>
      </trkpt>
      <trkpt lat="1.83283" lon="103.89742">
        <ele>478.0</ele>
      </trkpt>
      <trkpt lat="1.83283" lon="103.89745">
        <ele>477.65</ele>
      </trkpt>
      <trkpt lat="1.83283" lon="103.89747">
        <ele>477.42</ele>
      </trkpt>
      <trkpt lat="1.83283" lon="103.89752">
        <ele>477.61</ele>
      </trkpt>
      <trkpt lat="1.83284" lon="103.89755">
        <ele>478.76</ele>
      </trkpt>
      <trkpt lat="1.83284" lon="103.89758">
        <ele>479.54</ele>
      </trkpt>
      <trkpt lat="1.83284" lon="103.89759">
        <ele>479.8</ele>
      </trkpt>
      <trkpt lat="1.83285" lon="103.89761">
        <ele>480.6</ele>
      </trkpt>
      <trkpt lat="1.83285" lon="103.89763">
        <ele>481.1</ele>
      </trkpt>
      <trkpt lat="1.83284" lon="103.89765">
        <ele>481.36</ele>
      </trkpt>
      <trkpt lat="1.83286" lon="103.89766">
        <ele>482.08</ele>
      </trkpt>
      <trkpt lat="1.83286" lon="103.89768">
        <ele>482.55</ele>
      </trkpt>
      <trkpt lat="1.8329" lon="103.89774">
        <ele>484.57</ele>
      </trkpt>
      <trkpt lat="1.83291" lon="103.89778">
        <ele>485.51</ele>
      </trkpt>
      <trkpt lat="1.83291" lon="103.89781">
        <ele>486.68</ele>
      </trkpt>
      <trkpt lat="1.83293" lon="103.89785">
        <ele>488.6</ele>
      </trkpt>
      <trkpt lat="1.83294" lon="103.89793">
        <ele>492.15</ele>
      </trkpt>
      <trkpt lat="1.83295" lon="103.89797">
        <ele>494.14</ele>
      </trkpt>
      <trkpt lat="1.83296" lon="103.898">
        <ele>495.77</ele>
      </trkpt>
      <trkpt lat="1.83298" lon="103.89805">
        <ele>498.75</ele>
      </trkpt>
      <trkpt lat="1.83299" lon="103.89807">
        <ele>499.13</ele>
      </trkpt>
      <trkpt lat="1.83302" lon="103.89813">
        <ele>498.73</ele>
      </trkpt>
      <trkpt lat="1.83304" lon="103.89817">
        <ele>498.05</ele>
      </trkpt>
      <trkpt lat="1.83304" lon="103.89821">
        <ele>496.88</ele>
      </trkpt>
      <trkpt lat="1.83308" lon="103.89826">
        <ele>494.49</ele>
      </trkpt>
      <trkpt lat="1.83312" lon="103.89831">
        <ele>491.59</ele>
      </trkpt>
      <trkpt lat="1.83314" lon="103.89835">
        <ele>489.8</ele>
      </trkpt>
      <trkpt lat="1.83315" lon="103.89838">
        <ele>488.72</ele>
      </trkpt>
      <trkpt lat="1.83315" lon="103.8984">
        <ele>488.2</ele>
      </trkpt>
      <trkpt lat="1.83315" lon="103.89841">
        <ele>487.94</ele>
      </trkpt>
      <trkpt lat="1.83315" lon="103.89843">
        <ele>487.41</ele>
      </trkpt>
      <trkpt lat="1.83315" lon="103.89845">
        <ele>486.89</ele>
      </trkpt>
      <trkpt lat="1.83319" lon="103.8985">
        <ele>485.24</ele>
      </trkpt>
      <trkpt lat="1.83322" lon="103.89852">
        <ele>484.66</ele>
      </trkpt>
      <trkpt lat="1.83328" lon="103.89855">
        <ele>484.08</ele>
      </trkpt>
      <trkpt lat="1.8333" lon="103.89856">
        <ele>484.0</ele>
      </trkpt>
      <trkpt lat="1.83332" lon="103.89856">
        <ele>484.0</ele>
      </trkpt>
      <trkpt lat="1.83335" lon="103.89858">
        <ele>483.99</ele>
      </trkpt>
      <trkpt lat="1.83338" lon="103.89861">
        <ele>484.0</ele>
      </trkpt>
      <trkpt lat="1.83344" lon="103.89866">
        <ele>483.89</ele>
      </trkpt>
      <trkpt lat="1.83358" lon="103.89873">
        <ele>483.95</ele>
      </trkpt>
      <trkpt lat="1.8338" lon="103.89883">
        <ele>484.39</ele>
      </trkpt>
      <trkpt lat="1.83389" lon="103.89885">
        <ele>484.72</ele>
      </trkpt>
      <trkpt lat="1.83402" lon="103.89889">
        <ele>485.48</ele>
      </trkpt>
      <trkpt lat="1.83407" lon="103.89891">
        <ele>485.78</ele>
      </trkpt>
      <trkpt lat="1.83413" lon="103.89895">
        <ele>486.28</ele>
      </trkpt>
      <trkpt lat="1.83428" lon="103.89905">
        <ele>487.8</ele>
      </trkpt>
      <trkpt lat="1.83442" lon="103.89926">
        <ele>490.53</ele>
      </trkpt>
      <trkpt lat="1.83446" lon="103.89934">
        <ele>491.3</ele>
      </trkpt>
      <trkpt lat="1.83447" lon="103.89937">
        <ele>491.56</ele>
      </trkpt>
      <trkpt lat="1.83449" lon="103.89945">
        <ele>492.22</ele>
      </trkpt>
      <trkpt lat="1.83451" lon="103.89956">
        <ele>493.48</ele>
      </trkpt>
      <trkpt lat="1.8346" lon="103.89994">
        <ele>497.13</ele>
      </trkpt>
      <trkpt lat="1.83471" lon="103.90008">
        <ele>497.96</ele>
      </trkpt>
      <trkpt lat="1.83475" lon="103.90011">
        <ele>498.0</ele>
      </trkpt>
      <trkpt lat="1.83471" lon="103.90008">
        <ele>497.96</ele>
      </trkpt>
      <trkpt lat="1.8346" lon="103.89994">
        <ele>497.13</ele>
      </trkpt>
      <trkpt lat="1.83451" lon="103.89956">
        <ele>493.48</ele>
      </trkpt>
      <trkpt lat="1.83449" lon="103.89945">
        <ele>492.22</ele>
      </trkpt>
      <trkpt lat="1.83447" lon="103.89937">
        <ele>491.56</ele>
      </trkpt>
      <trkpt lat="1.83446" lon="103.89934">
        <ele>491.3</ele>
      </trkpt>
      <trkpt lat="1.83442" lon="103.89926">
        <ele>490.53</ele>
      </trkpt>
      <trkpt lat="1.83428" lon="103.89905">
        <ele>487.8</ele>
      </trkpt>
      <trkpt lat="1.83413" lon="103.89895">
        <ele>486.28</ele>
      </trkpt>
      <trkpt lat="1.83407" lon="103.89891">
        <ele>485.78</ele>
      </trkpt>
      <trkpt lat="1.83402" lon="103.89889">
        <ele>485.48</ele>
      </trkpt>
      <trkpt lat="1.83389" lon="103.89885">
        <ele>484.72</ele>
      </trkpt>
      <trkpt lat="1.8338" lon="103.89883">
        <ele>484.39</ele>
      </trkpt>
      <trkpt lat="1.83358" lon="103.89873">
        <ele>483.95</ele>
      </trkpt>
      <trkpt lat="1.83344" lon="103.89866">
        <ele>483.89</ele>
      </trkpt>
      <trkpt lat="1.83338" lon="103.89861">
        <ele>484.0</ele>
      </trkpt>
      <trkpt lat="1.83335" lon="103.89858">
        <ele>483.99</ele>
      </trkpt>
      <trkpt lat="1.83332" lon="103.89856">
        <ele>484.0</ele>
      </trkpt>
      <trkpt lat="1.8333" lon="103.89856">
        <ele>484.0</ele>
      </trkpt>
      <trkpt lat="1.83328" lon="103.89855">
        <ele>484.08</ele>
      </trkpt>
      <trkpt lat="1.83322" lon="103.89852">
        <ele>484.66</ele>
      </trkpt>
      <trkpt lat="1.83319" lon="103.8985">
        <ele>485.24</ele>
      </trkpt>
      <trkpt lat="1.83315" lon="103.89845">
        <ele>486.89</ele>
      </trkpt>
      <trkpt lat="1.83315" lon="103.89843">
        <ele>487.41</ele>
      </trkpt>
      <trkpt lat="1.83315" lon="103.89841">
        <ele>487.94</ele>
      </trkpt>
      <trkpt lat="1.83315" lon="103.8984">
        <ele>488.2</ele>
      </trkpt>
      <trkpt lat="1.83315" lon="103.89838">
        <ele>488.72</ele>
      </trkpt>
      <trkpt lat="1.83314" lon="103.89835">
        <ele>489.8</ele>
      </trkpt>
      <trkpt lat="1.83312" lon="103.89831">
        <ele>491.59</ele>
      </trkpt>
      <trkpt lat="1.83308" lon="103.89826">
        <ele>494.49</ele>
      </trkpt>
      <trkpt lat="1.83304" lon="103.89821">
        <ele>496.88</ele>
      </trkpt>
      <trkpt lat="1.83304" lon="103.89817">
        <ele>498.05</ele>
      </trkpt>
      <trkpt lat="1.83302" lon="103.89813">
        <ele>498.73</ele>
      </trkpt>
      <trkpt lat="1.83299" lon="103.89807">
        <ele>499.13</ele>
      </trkpt>
      <trkpt lat="1.83298" lon="103.89805">
        <ele>498.75</ele>
      </trkpt>
      <trkpt lat="1.83296" lon="103.898">
        <ele>495.77</ele>
      </trkpt>
      <trkpt lat="1.83295" lon="103.89797">
        <ele>494.14</ele>
      </trkpt>
      <trkpt lat="1.83294" lon="103.89793">
        <ele>492.15</ele>
      </trkpt>
      <trkpt lat="1.83293" lon="103.89785">
        <ele>488.6</ele>
      </trkpt>
      <trkpt lat="1.83291" lon="103.89781">
        <ele>486.68</ele>
      </trkpt>
      <trkpt lat="1.83291" lon="103.89778">
        <ele>485.51</ele>
      </trkpt>
      <trkpt lat="1.8329" lon="103.89774">
        <ele>484.57</ele>
      </trkpt>
      <trkpt lat="1.83286" lon="103.89768">
        <ele>482.55</ele>
      </trkpt>
      <trkpt lat="1.83286" lon="103.89766">
        <ele>482.08</ele>
      </trkpt>
      <trkpt lat="1.83284" lon="103.89765">
        <ele>481.36</ele>
      </trkpt>
      <trkpt lat="1.83285" lon="103.89763">
        <ele>481.1</ele>
      </trkpt>
      <trkpt lat="1.83285" lon="103.89761">
        <ele>480.6</ele>
      </trkpt>
      <trkpt lat="1.83284" lon="103.89759">
        <ele>479.8</ele>
      </trkpt>
      <trkpt lat="1.83284" lon="103.89758">
        <ele>479.54</ele>
      </trkpt>
      <trkpt lat="1.83284" lon="103.89755">
        <ele>478.76</ele>
      </trkpt>
      <trkpt lat="1.83283" lon="103.89752">
        <ele>477.61</ele>
      </trkpt>
      <trkpt lat="1.83283" lon="103.89747">
        <ele>477.42</ele>
      </trkpt>
      <trkpt lat="1.83283" lon="103.89745">
        <ele>477.65</ele>
      </trkpt>
      <trkpt lat="1.83283" lon="103.89742">
        <ele>478.0</ele>
      </trkpt>
      <trkpt lat="1.83281" lon="103.89731">
        <ele>479.48</ele>
      </trkpt>
      <trkpt lat="1.83281" lon="103.89725">
        <ele>480.49</ele>
      </trkpt>
      <trkpt lat="1.83279" lon="103.89714">
        <ele>481.08</ele>
      </trkpt>
      <trkpt lat="1.83278" lon="103.8971">
        <ele>481.07</ele>
      </trkpt>
      <trkpt lat="1.83277" lon="103.89705">
        <ele>480.54</ele>
      </trkpt>
      <trkpt lat="1.83277" lon="103.89697">
        <ele>479.98</ele>
      </trkpt>
      <trkpt lat="1.83274" lon="103.89691">
        <ele>478.02</ele>
      </trkpt>
      <trkpt lat="1.83273" lon="103.89687">
        <ele>476.61</ele>
      </trkpt>
      <trkpt lat="1.8327" lon="103.89679">
        <ele>473.81</ele>
      </trkpt>
      <trkpt lat="1.8327" lon="103.89677">
        <ele>473.27</ele>
      </trkpt>
      <trkpt lat="1.83267" lon="103.89671">
        <ele>471.33</ele>
      </trkpt>
      <trkpt lat="1.83267" lon="103.8967">
        <ele>471.07</ele>
      </trkpt>
      <trkpt lat="1.83266" lon="103.89667">
        <ele>470.23</ele>
      </trkpt>
      <trkpt lat="1.83263" lon="103.89659">
        <ele>467.8</ele>
      </trkpt>
      <trkpt lat="1.83261" lon="103.89655">
        <ele>466.34</ele>
      </trkpt>
      <trkpt lat="1.83255" lon="103.89648">
        <ele>462.81</ele>
      </trkpt>
      <trkpt lat="1.83254" lon="103.89646">
        <ele>461.85</ele>
      </trkpt>
      <trkpt lat="1.83249" lon="103.8964">
        <ele>458.14</ele>
      </trkpt>
      <trkpt lat="1.83248" lon="103.89632">
        <ele>456.45</ele>
      </trkpt>
      <trkpt lat="1.83248" lon="103.89629">
        <ele>456.03</ele>
      </trkpt>
      <trkpt lat="1.83246" lon="103.89625">
        <ele>454.92</ele>
      </trkpt>
      <trkpt lat="1.83245" lon="103.89622">
        <ele>454.24</ele>
      </trkpt>
      <trkpt lat="1.83243" lon="103.89619">
        <ele>453.3</ele>
      </trkpt>
      <trkpt lat="1.83243" lon="103.89617">
        <ele>453.03</ele>
      </trkpt>
      <trkpt lat="1.83243" lon="103.89615">
        <ele>452.76</ele>
      </trkpt>
      <trkpt lat="1.83243" lon="103.89613">
        <ele>452.49</ele>
      </trkpt>
      <trkpt lat="1.8324" lon="103.89609">
        <ele>450.99</ele>
      </trkpt>
      <trkpt lat="1.83237" lon="103.89607">
        <ele>449.94</ele>
      </trkpt>
      <trkpt lat="1.83236" lon="103.89604">
        <ele>449.2</ele>
      </trkpt>
      <trkpt lat="1.83224" lon="103.89595">
        <ele>447.08</ele>
      </trkpt>
      <trkpt lat="1.83222" lon="103.89593">
        <ele>446.98</ele>
      </trkpt>
      <trkpt lat="1.83219" lon="103.89592">
        <ele>446.78</ele>
      </trkpt>
      <trkpt lat="1.83214" lon="103.89589">
        <ele>446.64</ele>
      </trkpt>
      <trkpt lat="1.83212" lon="103.89586">
        <ele>446.79</ele>
      </trkpt>
      <trkpt lat="1.83209" lon="103.89583">
        <ele>447.11</ele>
      </trkpt>
      <trkpt lat="1.83207" lon="103.89579">
        <ele>448.5</ele>
      </trkpt>
      <trkpt lat="1.83207" lon="103.89576">
        <ele>449.55</ele>
      </trkpt>
      <trkpt lat="1.83209" lon="103.89572">
        <ele>450.85</ele>
      </trkpt>
      <trkpt lat="1.83208" lon="103.89569">
        <ele>451.92</ele>
      </trkpt>
      <trkpt lat="1.83209" lon="103.89567">
        <ele>452.54</ele>
      </trkpt>
      <trkpt lat="1.83208" lon="103.89566">
        <ele>452.95</ele>
      </trkpt>
      <trkpt lat="1.83206" lon="103.89564">
        <ele>453.79</ele>
      </trkpt>
      <trkpt lat="1.83206" lon="103.89563">
        <ele>454.14</ele>
      </trkpt>
      <trkpt lat="1.83206" lon="103.89561">
        <ele>454.84</ele>
      </trkpt>
      <trkpt lat="1.83202" lon="103.89553">
        <ele>458.15</ele>
      </trkpt>
      <trkpt lat="1.83201" lon="103.89548">
        <ele>460.14</ele>
      </trkpt>
      <trkpt lat="1.83201" lon="103.89544">
        <ele>461.65</ele>
      </trkpt>
      <trkpt lat="1.832" lon="103.89542">
        <ele>462.48</ele>
      </trkpt>
      <trkpt lat="1.83198" lon="103.89533">
        <ele>465.94</ele>
      </trkpt>
      <trkpt lat="1.83198" lon="103.89527">
        <ele>468.08</ele>
      </trkpt>
      <trkpt lat="1.83199" lon="103.89523">
        <ele>469.15</ele>
      </trkpt>
      <trkpt lat="1.83199" lon="103.89518">
        <ele>470.53</ele>
      </trkpt>
      <trkpt lat="1.832" lon="103.89516">
        <ele>471.11</ele>
      </trkpt>
      <trkpt lat="1.83201" lon="103.89512">
        <ele>472.28</ele>
      </trkpt>
      <trkpt lat="1.83202" lon="103.89507">
        <ele>473.78</ele>
      </trkpt>
      <trkpt lat="1.83203" lon="103.89503">
        <ele>475.03</ele>
      </trkpt>
      <trkpt lat="1.83204" lon="103.89499">
        <ele>476.22</ele>
      </trkpt>
      <trkpt lat="1.83205" lon="103.89493">
        <ele>477.46</ele>
      </trkpt>
      <trkpt lat="1.83205" lon="103.8949">
        <ele>478.03</ele>
      </trkpt>
      <trkpt lat="1.83204" lon="103.89487">
        <ele>478.52</ele>
      </trkpt>
      <trkpt lat="1.83205" lon="103.89481">
        <ele>479.72</ele>
      </trkpt>
      <trkpt lat="1.83205" lon="103.8948">
        <ele>479.91</ele>
      </trkpt>
      <trkpt lat="1.83205" lon="103.89477">
        <ele>480.48</ele>
      </trkpt>
      <trkpt lat="1.83204" lon="103.89473">
        <ele>481.2</ele>
      </trkpt>
      <trkpt lat="1.83203" lon="103.89467">
        <ele>481.37</ele>
      </trkpt>
      <trkpt lat="1.83205" lon="103.89462">
        <ele>481.52</ele>
      </trkpt>
      <trkpt lat="1.83205" lon="103.89458">
        <ele>481.57</ele>
      </trkpt>
      <trkpt lat="1.83207" lon="103.89456">
        <ele>481.72</ele>
      </trkpt>
      <trkpt lat="1.83207" lon="103.89454">
        <ele>481.75</ele>
      </trkpt>
      <trkpt lat="1.83207" lon="103.89452">
        <ele>481.78</ele>
      </trkpt>
      <trkpt lat="1.83205" lon="103.89445">
        <ele>481.75</ele>
      </trkpt>
      <trkpt lat="1.83205" lon="103.89436">
        <ele>482.06</ele>
      </trkpt>
      <trkpt lat="1.83207" lon="103.89432">
        <ele>482.35</ele>
      </trkpt>
      <trkpt lat="1.83207" lon="103.89429">
        <ele>482.46</ele>
      </trkpt>
      <trkpt lat="1.83207" lon="103.89428">
        <ele>482.5</ele>
      </trkpt>
      <trkpt lat="1.83208" lon="103.89427">
        <ele>482.6</ele>
      </trkpt>
      <trkpt lat="1.83207" lon="103.89424">
        <ele>482.64</ele>
      </trkpt>
      <trkpt lat="1.83206" lon="103.89421">
        <ele>482.68</ele>
      </trkpt>
      <trkpt lat="1.83207" lon="103.89417">
        <ele>482.89</ele>
      </trkpt>
      <trkpt lat="1.83207" lon="103.89414">
        <ele>482.68</ele>
      </trkpt>
      <trkpt lat="1.83207" lon="103.89411">
        <ele>482.42</ele>
      </trkpt>
      <trkpt lat="1.83206" lon="103.89408">
        <ele>482.13</ele>
      </trkpt>
      <trkpt lat="1.83205" lon="103.89407">
        <ele>482.02</ele>
      </trkpt>
      <trkpt lat="1.83204" lon="103.89408">
        <ele>482.05</ele>
      </trkpt>
      <trkpt lat="1.83202" lon="103.89405">
        <ele>481.78</ele>
      </trkpt>
      <trkpt lat="1.83196" lon="103.89401">
        <ele>481.45</ele>
      </trkpt>
      <trkpt lat="1.83195" lon="103.89399">
        <ele>481.37</ele>
      </trkpt>
      <trkpt lat="1.83191" lon="103.89396">
        <ele>478.44</ele>
      </trkpt>
      <trkpt lat="1.83187" lon="103.89395">
        <ele>475.05</ele>
      </trkpt>
      <trkpt lat="1.83179" lon="103.89391">
        <ele>467.56</ele>
      </trkpt>
      <trkpt lat="1.83178" lon="103.89389">
        <ele>466.23</ele>
      </trkpt>
      <trkpt lat="1.83176" lon="103.89387">
        <ele>462.9</ele>
      </trkpt>
      <trkpt lat="1.83175" lon="103.89386">
        <ele>461.25</ele>
      </trkpt>
      <trkpt lat="1.83172" lon="103.89384">
        <ele>457.23</ele>
      </trkpt>
      <trkpt lat="1.83169" lon="103.89381">
        <ele>452.7</ele>
      </trkpt>
      <trkpt lat="1.83158" lon="103.89376">
        <ele>443.17</ele>
      </trkpt>
      <trkpt lat="1.83155" lon="103.89374">
        <ele>440.62</ele>
      </trkpt>
      <trkpt lat="1.83153" lon="103.89371">
        <ele>438.23</ele>
      </trkpt>
      <trkpt lat="1.83152" lon="103.89369">
        <ele>436.86</ele>
      </trkpt>
      <trkpt lat="1.83151" lon="103.89365">
        <ele>434.65</ele>
      </trkpt>
      <trkpt lat="1.8315" lon="103.89364">
        <ele>433.85</ele>
      </trkpt>
      <trkpt lat="1.83149" lon="103.89361">
        <ele>432.16</ele>
      </trkpt>
      <trkpt lat="1.83147" lon="103.89358">
        <ele>428.51</ele>
      </trkpt>
      <trkpt lat="1.83146" lon="103.89357">
        <ele>427.26</ele>
      </trkpt>
      <trkpt lat="1.83145" lon="103.89357">
        <ele>427.0</ele>
      </trkpt>
      <trkpt lat="1.83144" lon="103.89357">
        <ele>426.75</ele>
      </trkpt>
      <trkpt lat="1.83143" lon="103.89354">
        <ele>423.7</ele>
      </trkpt>
      <trkpt lat="1.83142" lon="103.89353">
        <ele>422.57</ele>
      </trkpt>
      <trkpt lat="1.8314" lon="103.89352">
        <ele>421.32</ele>
      </trkpt>
      <trkpt lat="1.83138" lon="103.89351">
        <ele>420.2</ele>
      </trkpt>
      <trkpt lat="1.83138" lon="103.8935">
        <ele>419.36</ele>
      </trkpt>
      <trkpt lat="1.83138" lon="103.89349">
        <ele>418.51</ele>
      </trkpt>
      <trkpt lat="1.83138" lon="103.89349">
        <ele>418.51</ele>
      </trkpt>
      <trkpt lat="1.83132" lon="103.89345">
        <ele>415.36</ele>
      </trkpt>
      <trkpt lat="1.83129" lon="103.89343">
        <ele>414.11</ele>
      </trkpt>
      <trkpt lat="1.83126" lon="103.89342">
        <ele>413.71</ele>
      </trkpt>
      <trkpt lat="1.83124" lon="103.89343">
        <ele>414.49</ele>
      </trkpt>
      <trkpt lat="1.83121" lon="103.89339">
        <ele>412.56</ele>
      </trkpt>
      <trkpt lat="1.83118" lon="103.89338">
        <ele>412.53</ele>
      </trkpt>
      <trkpt lat="1.83115" lon="103.89333">
        <ele>410.7</ele>
      </trkpt>
      <trkpt lat="1.83114" lon="103.89332">
        <ele>410.0</ele>
      </trkpt>
      <trkpt lat="1.83113" lon="103.89329">
        <ele>407.37</ele>
      </trkpt>
      <trkpt lat="1.83112" lon="103.89324">
        <ele>402.76</ele>
      </trkpt>
      <trkpt lat="1.8311" lon="103.8932">
        <ele>399.21</ele>
      </trkpt>
      <trkpt lat="1.8311" lon="103.89315">
        <ele>394.43</ele>
      </trkpt>
      <trkpt lat="1.8311" lon="103.89313">
        <ele>392.52</ele>
      </trkpt>
      <trkpt lat="1.83109" lon="103.89309">
        <ele>389.0</ele>
      </trkpt>
      <trkpt lat="1.83107" lon="103.89307">
        <ele>387.8</ele>
      </trkpt>
      <trkpt lat="1.83106" lon="103.89305">
        <ele>386.39</ele>
      </trkpt>
      <trkpt lat="1.83103" lon="103.89303">
        <ele>385.77</ele>
      </trkpt>
      <trkpt lat="1.83103" lon="103.89303">
        <ele>385.77</ele>
      </trkpt>
      <trkpt lat="1.831" lon="103.89299">
        <ele>383.29</ele>
      </trkpt>
      <trkpt lat="1.83098" lon="103.89298">
        <ele>382.98</ele>
      </trkpt>
      <trkpt lat="1.83095" lon="103.89295">
        <ele>381.06</ele>
      </trkpt>
      <trkpt lat="1.83094" lon="103.89294">
        <ele>380.37</ele>
      </trkpt>
      <trkpt lat="1.83093" lon="103.89291">
        <ele>377.78</ele>
      </trkpt>
      <trkpt lat="1.83091" lon="103.89289">
        <ele>376.27</ele>
      </trkpt>
      <trkpt lat="1.83089" lon="103.89287">
        <ele>374.68</ele>
      </trkpt>
      <trkpt lat="1.83088" lon="103.89285">
        <ele>372.85</ele>
      </trkpt>
      <trkpt lat="1.83086" lon="103.89282">
        <ele>370.1</ele>
      </trkpt>
      <trkpt lat="1.83085" lon="103.89276">
        <ele>364.99</ele>
      </trkpt>
      <trkpt lat="1.83082" lon="103.89273">
        <ele>364.45</ele>
      </trkpt>
      <trkpt lat="1.83081" lon="103.89263">
        <ele>359.84</ele>
      </trkpt>
      <trkpt lat="1.83081" lon="103.89261">
        <ele>358.78</ele>
      </trkpt>
      <trkpt lat="1.83078" lon="103.89257">
        <ele>358.17</ele>
      </trkpt>
      <trkpt lat="1.83077" lon="103.89256">
        <ele>358.1</ele>
      </trkpt>
      <trkpt lat="1.83075" lon="103.89255">
        <ele>358.5</ele>
      </trkpt>
      <trkpt lat="1.83073" lon="103.89255">
        <ele>359.45</ele>
      </trkpt>
      <trkpt lat="1.8307" lon="103.89253">
        <ele>359.63</ele>
      </trkpt>
      <trkpt lat="1.83068" lon="103.89246">
        <ele>357.95</ele>
      </trkpt>
      <trkpt lat="1.83069" lon="103.89239">
        <ele>356.39</ele>
      </trkpt>
      <trkpt lat="1.83069" lon="103.89233">
        <ele>355.41</ele>
      </trkpt>
      <trkpt lat="1.8307" lon="103.89228">
        <ele>354.24</ele>
      </trkpt>
      <trkpt lat="1.8307" lon="103.89227">
        <ele>354.08</ele>
      </trkpt>
      <trkpt lat="1.83072" lon="103.89222">
        <ele>352.66</ele>
      </trkpt>
      <trkpt lat="1.83072" lon="103.8922">
        <ele>352.55</ele>
      </trkpt>
      <trkpt lat="1.83074" lon="103.89213">
        <ele>351.37</ele>
      </trkpt>
      <trkpt lat="1.83074" lon="103.89209">
        <ele>351.08</ele>
      </trkpt>
      <trkpt lat="1.83076" lon="103.89202">
        <ele>349.62</ele>
      </trkpt>
      <trkpt lat="1.83076" lon="103.89191">
        <ele>349.51</ele>
      </trkpt>
      <trkpt lat="1.83077" lon="103.89186">
        <ele>349.8</ele>
      </trkpt>
      <trkpt lat="1.83077" lon="103.89173">
        <ele>351.93</ele>
      </trkpt>
      <trkpt lat="1.83078" lon="103.89166">
        <ele>352.73</ele>
      </trkpt>
      <trkpt lat="1.83079" lon="103.89162">
        <ele>353.76</ele>
      </trkpt>
      <trkpt lat="1.83079" lon="103.89161">
        <ele>354.13</ele>
      </trkpt>
      <trkpt lat="1.8308" lon="103.8915">
        <ele>357.97</ele>
      </trkpt>
      <trkpt lat="1.83081" lon="103.89144">
        <ele>360.13</ele>
      </trkpt>
      <trkpt lat="1.83082" lon="103.89139">
        <ele>362.05</ele>
      </trkpt>
      <trkpt lat="1.83082" lon="103.89139">
        <ele>362.05</ele>
      </trkpt>
      <trkpt lat="1.83083" lon="103.89134">
        <ele>362.74</ele>
      </trkpt>
      <trkpt lat="1.83083" lon="103.89131">
        <ele>363.18</ele>
      </trkpt>
      <trkpt lat="1.83082" lon="103.89128">
        <ele>363.76</ele>
      </trkpt>
      <trkpt lat="1.83082" lon="103.89123">
        <ele>364.52</ele>
      </trkpt>
      <trkpt lat="1.83082" lon="103.89119">
        <ele>365.13</ele>
      </trkpt>
      <trkpt lat="1.83082" lon="103.89111">
        <ele>366.34</ele>
      </trkpt>
      <trkpt lat="1.83083" lon="103.89106">
        <ele>366.08</ele>
      </trkpt>
      <trkpt lat="1.83083" lon="103.891">
        <ele>366.07</ele>
      </trkpt>
      <trkpt lat="1.83083" lon="103.89091">
        <ele>366.06</ele>
      </trkpt>
      <trkpt lat="1.83082" lon="103.89085">
        <ele>366.2</ele>
      </trkpt>
      <trkpt lat="1.83078" lon="103.89079">
        <ele>366.99</ele>
      </trkpt>
      <trkpt lat="1.83074" lon="103.89073">
        <ele>367.71</ele>
      </trkpt>
      <trkpt lat="1.83072" lon="103.89072">
        <ele>367.95</ele>
      </trkpt>
      <trkpt lat="1.83069" lon="103.8907">
        <ele>368.28</ele>
      </trkpt>
      <trkpt lat="1.83061" lon="103.89069">
        <ele>369.0</ele>
      </trkpt>
      <trkpt lat="1.83058" lon="103.89068">
        <ele>369.24</ele>
      </trkpt>
      <trkpt lat="1.83055" lon="103.89065">
        <ele>369.31</ele>
      </trkpt>
      <trkpt lat="1.83054" lon="103.89065">
        <ele>369.24</ele>
      </trkpt>
      <trkpt lat="1.83053" lon="103.89064">
        <ele>369.16</ele>
      </trkpt>
      <trkpt lat="1.83044" lon="103.89062">
        <ele>368.75</ele>
      </trkpt>
      <trkpt lat="1.8304" lon="103.89059">
        <ele>368.78</ele>
      </trkpt>
      <trkpt lat="1.83036" lon="103.89057">
        <ele>368.87</ele>
      </trkpt>
      <trkpt lat="1.83033" lon="103.89056">
        <ele>368.95</ele>
      </trkpt>
      <trkpt lat="1.8303" lon="103.89054">
        <ele>369.27</ele>
      </trkpt>
      <trkpt lat="1.83026" lon="103.89051">
        <ele>369.5</ele>
      </trkpt>
      <trkpt lat="1.8302" lon="103.89048">
        <ele>369.31</ele>
      </trkpt>
      <trkpt lat="1.83016" lon="103.89046">
        <ele>369.5</ele>
      </trkpt>
      <trkpt lat="1.83013" lon="103.89046">
        <ele>369.19</ele>
      </trkpt>
      <trkpt lat="1.83008" lon="103.89043">
        <ele>370.14</ele>
      </trkpt>
      <trkpt lat="1.82998" lon="103.89041">
        <ele>371.15</ele>
      </trkpt>
      <trkpt lat="1.82993" lon="103.89038">
        <ele>373.53</ele>
      </trkpt>
      <trkpt lat="1.82991" lon="103.89037">
        <ele>374.33</ele>
      </trkpt>
      <trkpt lat="1.8298" lon="103.89036">
        <ele>376.05</ele>
      </trkpt>
      <trkpt lat="1.82976" lon="103.89035">
        <ele>376.98</ele>
      </trkpt>
      <trkpt lat="1.82972" lon="103.89033">
        <ele>378.35</ele>
      </trkpt>
      <trkpt lat="1.82972" lon="103.89033">
        <ele>378.35</ele>
      </trkpt>
      <trkpt lat="1.82971" lon="103.89032">
        <ele>378.79</ele>
      </trkpt>
      <trkpt lat="1.82966" lon="103.89031">
        <ele>378.95</ele>
      </trkpt>
      <trkpt lat="1.82962" lon="103.89027">
        <ele>380.83</ele>
      </trkpt>
      <trkpt lat="1.82959" lon="103.89025">
        <ele>382.13</ele>
      </trkpt>
      <trkpt lat="1.8295" lon="103.89022">
        <ele>384.14</ele>
      </trkpt>
      <trkpt lat="1.82946" lon="103.89019">
        <ele>386.59</ele>
      </trkpt>
      <trkpt lat="1.82941" lon="103.89015">
        <ele>389.25</ele>
      </trkpt>
      <trkpt lat="1.8294" lon="103.89012">
        <ele>391.34</ele>
      </trkpt>
      <trkpt lat="1.82939" lon="103.89006">
        <ele>395.55</ele>
      </trkpt>
      <trkpt lat="1.8294" lon="103.89001">
        <ele>399.83</ele>
      </trkpt>
      <trkpt lat="1.8294" lon="103.88994">
        <ele>402.19</ele>
      </trkpt>
      <trkpt lat="1.82939" lon="103.88988">
        <ele>403.57</ele>
      </trkpt>
      <trkpt lat="1.82937" lon="103.88984">
        <ele>404.53</ele>
      </trkpt>
      <trkpt lat="1.82935" lon="103.88981">
        <ele>405.52</ele>
      </trkpt>
      <trkpt lat="1.82929" lon="103.88971">
        <ele>410.54</ele>
      </trkpt>
      <trkpt lat="1.82927" lon="103.88965">
        <ele>412.04</ele>
      </trkpt>
      <trkpt lat="1.82922" lon="103.88954">
        <ele>415.41</ele>
      </trkpt>
      <trkpt lat="1.82913" lon="103.88936">
        <ele>419.02</ele>
      </trkpt>
      <trkpt lat="1.82896" lon="103.88921">
        <ele>415.55</ele>
      </trkpt>
      <trkpt lat="1.8289" lon="103.88903">
        <ele>415.9</ele>
      </trkpt>
      <trkpt lat="1.82887" lon="103.88888">
        <ele>416.47</ele>
      </trkpt>
      <trkpt lat="1.82887" lon="103.88887">
        <ele>416.63</ele>
      </trkpt>
      <trkpt lat="1.82887" lon="103.88876">
        <ele>418.43</ele>
      </trkpt>
      <trkpt lat="1.82887" lon="103.88872">
        <ele>419.08</ele>
      </trkpt>
      <trkpt lat="1.82888" lon="103.88867">
        <ele>420.03</ele>
      </trkpt>
      <trkpt lat="1.82887" lon="103.88864">
        <ele>420.39</ele>
      </trkpt>
      <trkpt lat="1.82887" lon="103.88862">
        <ele>420.72</ele>
      </trkpt>
      <trkpt lat="1.82887" lon="103.88861">
        <ele>420.88</ele>
      </trkpt>
      <trkpt lat="1.82887" lon="103.88853">
        <ele>421.74</ele>
      </trkpt>
      <trkpt lat="1.8289" lon="103.88837">
        <ele>424.08</ele>
      </trkpt>
      <trkpt lat="1.82893" lon="103.88832">
        <ele>425.89</ele>
      </trkpt>
      <trkpt lat="1.82891" lon="103.88828">
        <ele>425.43</ele>
      </trkpt>
      <trkpt lat="1.82891" lon="103.88824">
        <ele>425.82</ele>
      </trkpt>
      <trkpt lat="1.8289" lon="103.88814">
        <ele>426.46</ele>
      </trkpt>
      <trkpt lat="1.82888" lon="103.88807">
        <ele>426.6</ele>
      </trkpt>
      <trkpt lat="1.82887" lon="103.88803">
        <ele>426.75</ele>
      </trkpt>
      <trkpt lat="1.82885" lon="103.888">
        <ele>426.56</ele>
      </trkpt>
      <trkpt lat="1.82885" lon="103.88795">
        <ele>427.18</ele>
      </trkpt>
      <trkpt lat="1.82884" lon="103.88789">
        <ele>427.69</ele>
      </trkpt>
      <trkpt lat="1.82883" lon="103.88782">
        <ele>428.39</ele>
      </trkpt>
      <trkpt lat="1.82884" lon="103.8878">
        <ele>428.84</ele>
      </trkpt>
      <trkpt lat="1.82884" lon="103.88764">
        <ele>431.22</ele>
      </trkpt>
      <trkpt lat="1.82883" lon="103.8876">
        <ele>431.81</ele>
      </trkpt>
      <trkpt lat="1.82881" lon="103.88756">
        <ele>432.49</ele>
      </trkpt>
      <trkpt lat="1.82881" lon="103.88752">
        <ele>433.21</ele>
      </trkpt>
      <trkpt lat="1.8288" lon="103.88746">
        <ele>435.37</ele>
      </trkpt>
      <trkpt lat="1.82879" lon="103.88738">
        <ele>438.9</ele>
      </trkpt>
      <trkpt lat="1.82879" lon="103.8873">
        <ele>442.35</ele>
      </trkpt>
      <trkpt lat="1.82878" lon="103.88725">
        <ele>444.58</ele>
      </trkpt>
      <trkpt lat="1.82878" lon="103.88719">
        <ele>446.71</ele>
      </trkpt>
      <trkpt lat="1.82877" lon="103.88713">
        <ele>448.51</ele>
      </trkpt>
      <trkpt lat="1.82876" lon="103.88708">
        <ele>450.02</ele>
      </trkpt>
      <trkpt lat="1.82875" lon="103.88704">
        <ele>451.25</ele>
      </trkpt>
      <trkpt lat="1.82874" lon="103.88699">
        <ele>452.76</ele>
      </trkpt>
      <trkpt lat="1.82873" lon="103.88686">
        <ele>452.84</ele>
      </trkpt>
      <trkpt lat="1.82872" lon="103.88683">
        <ele>452.39</ele>
      </trkpt>
      <trkpt lat="1.82872" lon="103.88681">
        <ele>452.07</ele>
      </trkpt>
      <trkpt lat="1.82871" lon="103.88678">
        <ele>451.58</ele>
      </trkpt>
      <trkpt lat="1.8287" lon="103.88667">
        <ele>449.7</ele>
      </trkpt>
      <trkpt lat="1.82868" lon="103.88657">
        <ele>448.98</ele>
      </trkpt>
      <trkpt lat="1.82868" lon="103.88653">
        <ele>448.76</ele>
      </trkpt>
      <trkpt lat="1.82867" lon="103.88646">
        <ele>448.48</ele>
      </trkpt>
      <trkpt lat="1.82868" lon="103.8864">
        <ele>448.07</ele>
      </trkpt>
      <trkpt lat="1.82867" lon="103.88636">
        <ele>447.1</ele>
      </trkpt>
      <trkpt lat="1.82866" lon="103.88634">
        <ele>446.46</ele>
      </trkpt>
      <trkpt lat="1.82867" lon="103.88632">
        <ele>445.65</ele>
      </trkpt>
      <trkpt lat="1.82866" lon="103.88631">
        <ele>445.34</ele>
      </trkpt>
      <trkpt lat="1.82866" lon="103.88627">
        <ele>443.84</ele>
      </trkpt>
      <trkpt lat="1.82865" lon="103.88624">
        <ele>442.68</ele>
      </trkpt>
      <trkpt lat="1.82865" lon="103.88622">
        <ele>441.91</ele>
      </trkpt>
      <trkpt lat="1.82864" lon="103.88619">
        <ele>440.66</ele>
      </trkpt>
      <trkpt lat="1.82863" lon="103.88616">
        <ele>439.34</ele>
      </trkpt>
      <trkpt lat="1.82861" lon="103.88613">
        <ele>437.78</ele>
      </trkpt>
      <trkpt lat="1.8286" lon="103.88611">
        <ele>436.66</ele>
      </trkpt>
      <trkpt lat="1.82859" lon="103.88606">
        <ele>435.22</ele>
      </trkpt>
      <trkpt lat="1.8286" lon="103.88601">
        <ele>434.42</ele>
      </trkpt>
      <trkpt lat="1.82859" lon="103.88599">
        <ele>433.61</ele>
      </trkpt>
      <trkpt lat="1.82859" lon="103.88589">
        <ele>431.31</ele>
      </trkpt>
      <trkpt lat="1.82859" lon="103.8858">
        <ele>428.03</ele>
      </trkpt>
      <trkpt lat="1.8286" lon="103.88577">
        <ele>426.66</ele>
      </trkpt>
      <trkpt lat="1.8286" lon="103.88571">
        <ele>423.04</ele>
      </trkpt>
      <trkpt lat="1.8286" lon="103.88566">
        <ele>420.02</ele>
      </trkpt>
      <trkpt lat="1.8286" lon="103.88561">
        <ele>417.0</ele>
      </trkpt>
      <trkpt lat="1.82859" lon="103.88558">
        <ele>414.92</ele>
      </trkpt>
      <trkpt lat="1.82858" lon="103.88546">
        <ele>410.65</ele>
      </trkpt>
      <trkpt lat="1.82858" lon="103.88544">
        <ele>410.12</ele>
      </trkpt>
      <trkpt lat="1.82858" lon="103.8854">
        <ele>409.05</ele>
      </trkpt>
      <trkpt lat="1.82859" lon="103.88537">
        <ele>408.59</ele>
      </trkpt>
      <trkpt lat="1.82859" lon="103.88535">
        <ele>408.06</ele>
      </trkpt>
      <trkpt lat="1.8286" lon="103.88533">
        <ele>407.91</ele>
      </trkpt>
      <trkpt lat="1.8286" lon="103.8853">
        <ele>407.13</ele>
      </trkpt>
      <trkpt lat="1.8286" lon="103.88527">
        <ele>406.55</ele>
      </trkpt>
      <trkpt lat="1.8286" lon="103.88517">
        <ele>406.48</ele>
      </trkpt>
      <trkpt lat="1.8286" lon="103.88512">
        <ele>406.45</ele>
      </trkpt>
      <trkpt lat="1.8286" lon="103.88508">
        <ele>406.42</ele>
      </trkpt>
      <trkpt lat="1.8286" lon="103.88503">
        <ele>406.38</ele>
      </trkpt>
      <trkpt lat="1.82861" lon="103.88494">
        <ele>407.59</ele>
      </trkpt>
      <trkpt lat="1.8286" lon="103.88489">
        <ele>407.58</ele>
      </trkpt>
      <trkpt lat="1.8286" lon="103.88476">
        <ele>409.02</ele>
      </trkpt>
      <trkpt lat="1.82859" lon="103.8847">
        <ele>408.12</ele>
      </trkpt>
      <trkpt lat="1.82857" lon="103.88466">
        <ele>405.83</ele>
      </trkpt>
      <trkpt lat="1.82856" lon="103.88461">
        <ele>403.8</ele>
      </trkpt>
      <trkpt lat="1.82852" lon="103.88445">
        <ele>398.16</ele>
      </trkpt>
      <trkpt lat="1.82852" lon="103.88443">
        <ele>397.9</ele>
      </trkpt>
      <trkpt lat="1.82846" lon="103.8841">
        <ele>393.8</ele>
      </trkpt>
      <trkpt lat="1.82842" lon="103.8838">
        <ele>395.44</ele>
      </trkpt>
      <trkpt lat="1.8284" lon="103.88362">
        <ele>404.03</ele>
      </trkpt>
      <trkpt lat="1.8284" lon="103.88354">
        <ele>407.65</ele>
      </trkpt>
      <trkpt lat="1.8284" lon="103.88352">
        <ele>408.55</ele>
      </trkpt>
      <trkpt lat="1.8284" lon="103.88351">
        <ele>408.99</ele>
      </trkpt>
      <trkpt lat="1.8284" lon="103.88346">
        <ele>411.23</ele>
      </trkpt>
      <trkpt lat="1.8284" lon="103.88342">
        <ele>413.01</ele>
      </trkpt>
      <trkpt lat="1.8284" lon="103.88329">
        <ele>421.2</ele>
      </trkpt>
      <trkpt lat="1.82841" lon="103.88325">
        <ele>425.66</ele>
      </trkpt>
      <trkpt lat="1.82841" lon="103.88321">
        <ele>429.67</ele>
      </trkpt>
      <trkpt lat="1.82842" lon="103.88316">
        <ele>435.18</ele>
      </trkpt>
      <trkpt lat="1.82842" lon="103.88315">
        <ele>436.18</ele>
      </trkpt>
      <trkpt lat="1.82843" lon="103.88312">
        <ele>439.71</ele>
      </trkpt>
      <trkpt lat="1.82844" lon="103.88309">
        <ele>443.27</ele>
      </trkpt>
      <trkpt lat="1.82845" lon="103.88303">
        <ele>449.61</ele>
      </trkpt>
      <trkpt lat="1.82845" lon="103.88301">
        <ele>451.41</ele>
      </trkpt>
      <trkpt lat="1.82846" lon="103.88298">
        <ele>454.41</ele>
      </trkpt>
      <trkpt lat="1.82846" lon="103.88293">
        <ele>458.75</ele>
      </trkpt>
      <trkpt lat="1.82845" lon="103.88287">
        <ele>464.05</ele>
      </trkpt>
      <trkpt lat="1.82846" lon="103.88284">
        <ele>466.58</ele>
      </trkpt>
      <trkpt lat="1.82851" lon="103.88276">
        <ele>470.64</ele>
      </trkpt>
      <trkpt lat="1.8285" lon="103.88274">
        <ele>471.76</ele>
      </trkpt>
      <trkpt lat="1.82851" lon="103.88272">
        <ele>472.08</ele>
      </trkpt>
      <trkpt lat="1.82851" lon="103.88271">
        <ele>472.44</ele>
      </trkpt>
      <trkpt lat="1.82851" lon="103.8827">
        <ele>472.8</ele>
      </trkpt>
      <trkpt lat="1.82852" lon="103.88268">
        <ele>473.13</ele>
      </trkpt>
      <trkpt lat="1.82852" lon="103.88266">
        <ele>473.85</ele>
      </trkpt>
      <trkpt lat="1.82852" lon="103.88263">
        <ele>474.93</ele>
      </trkpt>
      <trkpt lat="1.82852" lon="103.88257">
        <ele>477.09</ele>
      </trkpt>
      <trkpt lat="1.82855" lon="103.88246">
        <ele>478.85</ele>
      </trkpt>
      <trkpt lat="1.82856" lon="103.8824">
        <ele>479.1</ele>
      </trkpt>
      <trkpt lat="1.82858" lon="103.88234">
        <ele>478.96</ele>
      </trkpt>
      <trkpt lat="1.82858" lon="103.88232">
        <ele>479.18</ele>
      </trkpt>
      <trkpt lat="1.82857" lon="103.88231">
        <ele>479.68</ele>
      </trkpt>
      <trkpt lat="1.82854" lon="103.88226">
        <ele>481.41</ele>
      </trkpt>
      <trkpt lat="1.82854" lon="103.88224">
        <ele>481.62</ele>
      </trkpt>
      <trkpt lat="1.82852" lon="103.8822">
        <ele>482.77</ele>
      </trkpt>
      <trkpt lat="1.82853" lon="103.88217">
        <ele>482.59</ele>
      </trkpt>
      <trkpt lat="1.82854" lon="103.88213">
        <ele>482.48</ele>
      </trkpt>
      <trkpt lat="1.82856" lon="103.88209">
        <ele>481.98</ele>
      </trkpt>
      <trkpt lat="1.82858" lon="103.88206">
        <ele>481.4</ele>
      </trkpt>
      <trkpt lat="1.82857" lon="103.88204">
        <ele>481.94</ele>
      </trkpt>
      <trkpt lat="1.82857" lon="103.88202">
        <ele>482.08</ele>
      </trkpt>
      <trkpt lat="1.82857" lon="103.882">
        <ele>482.23</ele>
      </trkpt>
      <trkpt lat="1.82856" lon="103.88197">
        <ele>482.84</ele>
      </trkpt>
      <trkpt lat="1.82855" lon="103.88192">
        <ele>483.68</ele>
      </trkpt>
      <trkpt lat="1.82854" lon="103.88188">
        <ele>484.51</ele>
      </trkpt>
      <trkpt lat="1.82852" lon="103.88185">
        <ele>485.63</ele>
      </trkpt>
      <trkpt lat="1.82851" lon="103.88183">
        <ele>486.24</ele>
      </trkpt>
      <trkpt lat="1.8285" lon="103.88181">
        <ele>486.85</ele>
      </trkpt>
      <trkpt lat="1.82848" lon="103.88179">
        <ele>487.86</ele>
      </trkpt>
      <trkpt lat="1.82847" lon="103.88177">
        <ele>488.47</ele>
      </trkpt>
      <trkpt lat="1.82843" lon="103.88173">
        <ele>490.49</ele>
      </trkpt>
      <trkpt lat="1.8284" lon="103.88168">
        <ele>492.22</ele>
      </trkpt>
      <trkpt lat="1.82836" lon="103.88161">
        <ele>493.76</ele>
      </trkpt>
      <trkpt lat="1.82834" lon="103.88155">
        <ele>494.33</ele>
      </trkpt>
      <trkpt lat="1.82831" lon="103.88153">
        <ele>493.71</ele>
      </trkpt>
      <trkpt lat="1.8283" lon="103.88148">
        <ele>493.21</ele>
      </trkpt>
      <trkpt lat="1.82828" lon="103.88146">
        <ele>492.48</ele>
      </trkpt>
      <trkpt lat="1.82827" lon="103.88139">
        <ele>491.95</ele>
      </trkpt>
      <trkpt lat="1.82825" lon="103.88132">
        <ele>490.88</ele>
      </trkpt>
      <trkpt lat="1.82825" lon="103.88125">
        <ele>490.45</ele>
      </trkpt>
      <trkpt lat="1.82824" lon="103.88123">
        <ele>490.02</ele>
      </trkpt>
      <trkpt lat="1.82822" lon="103.88114">
        <ele>488.9</ele>
      </trkpt>
      <trkpt lat="1.82824" lon="103.88108">
        <ele>489.24</ele>
      </trkpt>
      <trkpt lat="1.82827" lon="103.88103">
        <ele>489.95</ele>
      </trkpt>
      <trkpt lat="1.82829" lon="103.881">
        <ele>490.41</ele>
      </trkpt>
      <trkpt lat="1.82831" lon="103.88099">
        <ele>490.93</ele>
      </trkpt>
      <trkpt lat="1.82832" lon="103.88097">
        <ele>491.13</ele>
      </trkpt>
      <trkpt lat="1.82833" lon="103.88095">
        <ele>491.33</ele>
      </trkpt>
      <trkpt lat="1.82834" lon="103.88093">
        <ele>491.13</ele>
      </trkpt>
      <trkpt lat="1.82835" lon="103.88093">
        <ele>490.81</ele>
      </trkpt>
      <trkpt lat="1.82836" lon="103.88091">
        <ele>490.41</ele>
      </trkpt>
      <trkpt lat="1.82836" lon="103.88088">
        <ele>490.3</ele>
      </trkpt>
      <trkpt lat="1.82836" lon="103.88077">
        <ele>489.43</ele>
      </trkpt>
      <trkpt lat="1.82836" lon="103.88075">
        <ele>489.21</ele>
      </trkpt>
      <trkpt lat="1.82834" lon="103.8807">
        <ele>489.33</ele>
      </trkpt>
      <trkpt lat="1.82834" lon="103.88068">
        <ele>489.11</ele>
      </trkpt>
      <trkpt lat="1.82833" lon="103.88063">
        <ele>488.71</ele>
      </trkpt>
      <trkpt lat="1.82832" lon="103.88059">
        <ele>487.99</ele>
      </trkpt>
      <trkpt lat="1.82831" lon="103.88053">
        <ele>487.13</ele>
      </trkpt>
      <trkpt lat="1.82829" lon="103.88048">
        <ele>486.12</ele>
      </trkpt>
      <trkpt lat="1.82828" lon="103.88043">
        <ele>485.39</ele>
      </trkpt>
      <trkpt lat="1.82828" lon="103.88037">
        <ele>484.87</ele>
      </trkpt>
      <trkpt lat="1.82826" lon="103.88033">
        <ele>483.84</ele>
      </trkpt>
      <trkpt lat="1.82826" lon="103.88028">
        <ele>483.38</ele>
      </trkpt>
      <trkpt lat="1.82825" lon="103.88025">
        <ele>482.67</ele>
      </trkpt>
      <trkpt lat="1.82825" lon="103.88022">
        <ele>482.31</ele>
      </trkpt>
      <trkpt lat="1.82825" lon="103.88019">
        <ele>481.96</ele>
      </trkpt>
      <trkpt lat="1.82826" lon="103.88013">
        <ele>481.62</ele>
      </trkpt>
      <trkpt lat="1.82826" lon="103.88007">
        <ele>480.92</ele>
      </trkpt>
      <trkpt lat="1.82825" lon="103.88001">
        <ele>479.82</ele>
      </trkpt>
      <trkpt lat="1.82824" lon="103.87997">
        <ele>479.12</ele>
      </trkpt>
      <trkpt lat="1.82824" lon="103.87996">
        <ele>479.06</ele>
      </trkpt>
      <trkpt lat="1.82822" lon="103.87992">
        <ele>478.05</ele>
      </trkpt>
      <trkpt lat="1.82821" lon="103.87987">
        <ele>477.39</ele>
      </trkpt>
      <trkpt lat="1.82822" lon="103.87981">
        <ele>477.42</ele>
      </trkpt>
      <trkpt lat="1.82821" lon="103.87979">
        <ele>476.94</ele>
      </trkpt>
      <trkpt lat="1.82822" lon="103.87978">
        <ele>477.25</ele>
      </trkpt>
      <trkpt lat="1.8282" lon="103.87974">
        <ele>476.3</ele>
      </trkpt>
      <trkpt lat="1.82821" lon="103.87972">
        <ele>476.55</ele>
      </trkpt>
      <trkpt lat="1.8282" lon="103.87967">
        <ele>476.01</ele>
      </trkpt>
      <trkpt lat="1.8282" lon="103.87961">
        <ele>475.8</ele>
      </trkpt>
      <trkpt lat="1.82819" lon="103.87959">
        <ele>475.36</ele>
      </trkpt>
      <trkpt lat="1.82819" lon="103.87956">
        <ele>475.26</ele>
      </trkpt>
      <trkpt lat="1.82817" lon="103.87952">
        <ele>474.39</ele>
      </trkpt>
      <trkpt lat="1.82817" lon="103.87949">
        <ele>474.28</ele>
      </trkpt>
      <trkpt lat="1.82818" lon="103.87948">
        <ele>474.61</ele>
      </trkpt>
      <trkpt lat="1.82817" lon="103.87945">
        <ele>474.14</ele>
      </trkpt>
      <trkpt lat="1.82815" lon="103.87939">
        <ele>473.27</ele>
      </trkpt>
      <trkpt lat="1.82812" lon="103.87936">
        <ele>472.18</ele>
      </trkpt>
      <trkpt lat="1.82811" lon="103.87933">
        <ele>471.8</ele>
      </trkpt>
      <trkpt lat="1.82811" lon="103.87932">
        <ele>471.78</ele>
      </trkpt>
      <trkpt lat="1.82812" lon="103.8793">
        <ele>472.08</ele>
      </trkpt>
      <trkpt lat="1.82812" lon="103.87928">
        <ele>472.05</ele>
      </trkpt>
      <trkpt lat="1.82812" lon="103.87926">
        <ele>472.01</ele>
      </trkpt>
      <trkpt lat="1.82813" lon="103.87924">
        <ele>472.29</ele>
      </trkpt>
      <trkpt lat="1.82814" lon="103.87919">
        <ele>472.48</ele>
      </trkpt>
      <trkpt lat="1.82815" lon="103.87909">
        <ele>473.73</ele>
      </trkpt>
      <trkpt lat="1.82814" lon="103.87905">
        <ele>473.98</ele>
      </trkpt>
      <trkpt lat="1.82814" lon="103.87903">
        <ele>474.25</ele>
      </trkpt>
      <trkpt lat="1.82811" lon="103.87897">
        <ele>474.26</ele>
      </trkpt>
      <trkpt lat="1.8281" lon="103.87889">
        <ele>475.1</ele>
      </trkpt>
      <trkpt lat="1.82808" lon="103.87886">
        <ele>475.03</ele>
      </trkpt>
      <trkpt lat="1.82806" lon="103.87878">
        <ele>475.68</ele>
      </trkpt>
      <trkpt lat="1.82806" lon="103.87876">
        <ele>475.97</ele>
      </trkpt>
      <trkpt lat="1.82804" lon="103.8787">
        <ele>476.37</ele>
      </trkpt>
      <trkpt lat="1.82804" lon="103.87868">
        <ele>476.66</ele>
      </trkpt>
      <trkpt lat="1.82803" lon="103.87866">
        <ele>476.73</ele>
      </trkpt>
      <trkpt lat="1.82803" lon="103.87862">
        <ele>477.32</ele>
      </trkpt>
      <trkpt lat="1.82802" lon="103.8786">
        <ele>477.43</ele>
      </trkpt>
      <trkpt lat="1.828" lon="103.87852">
        <ele>478.44</ele>
      </trkpt>
      <trkpt lat="1.82799" lon="103.87846">
        <ele>479.3</ele>
      </trkpt>
      <trkpt lat="1.82796" lon="103.87842">
        <ele>479.38</ele>
      </trkpt>
      <trkpt lat="1.82794" lon="103.87839">
        <ele>479.48</ele>
      </trkpt>
      <trkpt lat="1.82793" lon="103.87836">
        <ele>479.81</ele>
      </trkpt>
      <trkpt lat="1.8279" lon="103.87831">
        <ele>479.9</ele>
      </trkpt>
      <trkpt lat="1.82787" lon="103.87826">
        <ele>479.87</ele>
      </trkpt>
      <trkpt lat="1.82784" lon="103.87822">
        <ele>479.79</ele>
      </trkpt>
      <trkpt lat="1.82779" lon="103.87818">
        <ele>479.42</ele>
      </trkpt>
      <trkpt lat="1.8277" lon="103.87808">
        <ele>479.5</ele>
      </trkpt>
      <trkpt lat="1.82757" lon="103.87793">
        <ele>480.15</ele>
      </trkpt>
      <trkpt lat="1.82741" lon="103.87773">
        <ele>475.73</ele>
      </trkpt>
      <trkpt lat="1.8274" lon="103.87771">
        <ele>475.3</ele>
      </trkpt>
      <trkpt lat="1.82718" lon="103.87738">
        <ele>464.44</ele>
      </trkpt>
      <trkpt lat="1.82716" lon="103.87708">
        <ele>470.16</ele>
      </trkpt>
      <trkpt lat="1.82716" lon="103.87702">
        <ele>471.6</ele>
      </trkpt>
      <trkpt lat="1.82715" lon="103.87695">
        <ele>472.7</ele>
      </trkpt>
      <trkpt lat="1.82715" lon="103.87688">
        <ele>474.52</ele>
      </trkpt>
      <trkpt lat="1.82715" lon="103.87686">
        <ele>475.05</ele>
      </trkpt>
      <trkpt lat="1.82715" lon="103.87683">
        <ele>475.83</ele>
      </trkpt>
      <trkpt lat="1.82714" lon="103.87677">
        <ele>476.85</ele>
      </trkpt>
      <trkpt lat="1.82714" lon="103.8767">
        <ele>478.68</ele>
      </trkpt>
      <trkpt lat="1.82713" lon="103.87665">
        <ele>479.18</ele>
      </trkpt>
      <trkpt lat="1.82711" lon="103.87662">
        <ele>478.41</ele>
      </trkpt>
      <trkpt lat="1.82712" lon="103.87659">
        <ele>479.24</ele>
      </trkpt>
      <trkpt lat="1.82711" lon="103.87657">
        <ele>478.92</ele>
      </trkpt>
      <trkpt lat="1.8271" lon="103.87655">
        <ele>478.61</ele>
      </trkpt>
      <trkpt lat="1.82708" lon="103.87651">
        <ele>478.03</ele>
      </trkpt>
      <trkpt lat="1.82707" lon="103.87639">
        <ele>478.86</ele>
      </trkpt>
      <trkpt lat="1.82706" lon="103.87634">
        <ele>479.14</ele>
      </trkpt>
      <trkpt lat="1.82706" lon="103.87629">
        <ele>479.89</ele>
      </trkpt>
      <trkpt lat="1.82705" lon="103.87626">
        <ele>479.91</ele>
      </trkpt>
      <trkpt lat="1.82705" lon="103.87624">
        <ele>480.21</ele>
      </trkpt>
      <trkpt lat="1.82702" lon="103.87619">
        <ele>479.73</ele>
      </trkpt>
      <trkpt lat="1.82701" lon="103.87615">
        <ele>479.96</ele>
      </trkpt>
      <trkpt lat="1.82701" lon="103.87612">
        <ele>480.45</ele>
      </trkpt>
      <trkpt lat="1.827" lon="103.87607">
        <ele>480.73</ele>
      </trkpt>
      <trkpt lat="1.827" lon="103.87603">
        <ele>481.25</ele>
      </trkpt>
      <trkpt lat="1.827" lon="103.876">
        <ele>481.64</ele>
      </trkpt>
      <trkpt lat="1.827" lon="103.87593">
        <ele>482.55</ele>
      </trkpt>
      <trkpt lat="1.82699" lon="103.87583">
        <ele>483.46</ele>
      </trkpt>
      <trkpt lat="1.82697" lon="103.87578">
        <ele>482.5</ele>
      </trkpt>
      <trkpt lat="1.82697" lon="103.87574">
        <ele>482.25</ele>
      </trkpt>
      <trkpt lat="1.82696" lon="103.87565">
        <ele>481.29</ele>
      </trkpt>
      <trkpt lat="1.82695" lon="103.87561">
        <ele>480.62</ele>
      </trkpt>
      <trkpt lat="1.82695" lon="103.87558">
        <ele>480.41</ele>
      </trkpt>
      <trkpt lat="1.82693" lon="103.87552">
        <ele>479.23</ele>
      </trkpt>
      <trkpt lat="1.82693" lon="103.87549">
        <ele>479.12</ele>
      </trkpt>
      <trkpt lat="1.82692" lon="103.87545">
        <ele>478.5</ele>
      </trkpt>
      <trkpt lat="1.82692" lon="103.87541">
        <ele>478.33</ele>
      </trkpt>
      <trkpt lat="1.82692" lon="103.87538">
        <ele>478.2</ele>
      </trkpt>
      <trkpt lat="1.82692" lon="103.87527">
        <ele>477.71</ele>
      </trkpt>
      <trkpt lat="1.82691" lon="103.87519">
        <ele>476.55</ele>
      </trkpt>
      <trkpt lat="1.8269" lon="103.87514">
        <ele>475.61</ele>
      </trkpt>
      <trkpt lat="1.8269" lon="103.8751">
        <ele>475.28</ele>
      </trkpt>
      <trkpt lat="1.82691" lon="103.87504">
        <ele>475.34</ele>
      </trkpt>
      <trkpt lat="1.82688" lon="103.87497">
        <ele>473.0</ele>
      </trkpt>
      <trkpt lat="1.82687" lon="103.87492">
        <ele>471.9</ele>
      </trkpt>
      <trkpt lat="1.82687" lon="103.87488">
        <ele>471.5</ele>
      </trkpt>
      <trkpt lat="1.82687" lon="103.87485">
        <ele>471.2</ele>
      </trkpt>
      <trkpt lat="1.82686" lon="103.87482">
        <ele>470.25</ele>
      </trkpt>
      <trkpt lat="1.82686" lon="103.8747">
        <ele>469.02</ele>
      </trkpt>
      <trkpt lat="1.82687" lon="103.87461">
        <ele>468.88</ele>
      </trkpt>
      <trkpt lat="1.82689" lon="103.87456">
        <ele>469.88</ele>
      </trkpt>
      <trkpt lat="1.82688" lon="103.87451">
        <ele>468.71</ele>
      </trkpt>
      <trkpt lat="1.82689" lon="103.87443">
        <ele>468.71</ele>
      </trkpt>
      <trkpt lat="1.82689" lon="103.87438">
        <ele>468.1</ele>
      </trkpt>
      <trkpt lat="1.82689" lon="103.87433">
        <ele>467.49</ele>
      </trkpt>
      <trkpt lat="1.8269" lon="103.87429">
        <ele>467.79</ele>
      </trkpt>
      <trkpt lat="1.8269" lon="103.87425">
        <ele>467.32</ele>
      </trkpt>
      <trkpt lat="1.8269" lon="103.87424">
        <ele>467.2</ele>
      </trkpt>
      <trkpt lat="1.82692" lon="103.87413">
        <ele>468.25</ele>
      </trkpt>
      <trkpt lat="1.82691" lon="103.87407">
        <ele>467.89</ele>
      </trkpt>
      <trkpt lat="1.82692" lon="103.87403">
        <ele>469.0</ele>
      </trkpt>
      <trkpt lat="1.82692" lon="103.87397">
        <ele>469.45</ele>
      </trkpt>
      <trkpt lat="1.82693" lon="103.87393">
        <ele>470.55</ele>
      </trkpt>
      <trkpt lat="1.82694" lon="103.87387">
        <ele>471.79</ele>
      </trkpt>
      <trkpt lat="1.82699" lon="103.87374">
        <ele>476.59</ele>
      </trkpt>
      <trkpt lat="1.82706" lon="103.87362">
        <ele>482.69</ele>
      </trkpt>
      <trkpt lat="1.8271" lon="103.87358">
        <ele>485.86</ele>
      </trkpt>
      <trkpt lat="1.82713" lon="103.87349">
        <ele>488.32</ele>
      </trkpt>
      <trkpt lat="1.82717" lon="103.87343">
        <ele>491.3</ele>
      </trkpt>
      <trkpt lat="1.82718" lon="103.87342">
        <ele>492.02</ele>
      </trkpt>
      <trkpt lat="1.82722" lon="103.87333">
        <ele>494.85</ele>
      </trkpt>
      <trkpt lat="1.82724" lon="103.87326">
        <ele>496.22</ele>
      </trkpt>
      <trkpt lat="1.82725" lon="103.8732">
        <ele>496.9</ele>
      </trkpt>
      <trkpt lat="1.82724" lon="103.87316">
        <ele>496.22</ele>
      </trkpt>
      <trkpt lat="1.82724" lon="103.87316">
        <ele>496.22</ele>
      </trkpt>
      <trkpt lat="1.82724" lon="103.87311">
        <ele>496.22</ele>
      </trkpt>
      <trkpt lat="1.82725" lon="103.87306">
        <ele>496.9</ele>
      </trkpt>
      <trkpt lat="1.82726" lon="103.87301">
        <ele>497.42</ele>
      </trkpt>
      <trkpt lat="1.82729" lon="103.87295">
        <ele>499.26</ele>
      </trkpt>
      <trkpt lat="1.82731" lon="103.87291">
        <ele>500.48</ele>
      </trkpt>
      <trkpt lat="1.82732" lon="103.87289">
        <ele>501.09</ele>
      </trkpt>
      <trkpt lat="1.82739" lon="103.87283">
        <ele>505.66</ele>
      </trkpt>
      <trkpt lat="1.82743" lon="103.87279">
        <ele>508.26</ele>
      </trkpt>
      <trkpt lat="1.82743" lon="103.87277">
        <ele>508.21</ele>
      </trkpt>
      <trkpt lat="1.82743" lon="103.87273">
        <ele>508.21</ele>
      </trkpt>
      <trkpt lat="1.82743" lon="103.8727">
        <ele>508.21</ele>
      </trkpt>
      <trkpt lat="1.82741" lon="103.87267">
        <ele>506.84</ele>
      </trkpt>
      <trkpt lat="1.82739" lon="103.87263">
        <ele>505.48</ele>
      </trkpt>
      <trkpt lat="1.82736" lon="103.87259">
        <ele>503.42</ele>
      </trkpt>
      <trkpt lat="1.82734" lon="103.87253">
        <ele>502.06</ele>
      </trkpt>
      <trkpt lat="1.82731" lon="103.87242">
        <ele>500.47</ele>
      </trkpt>
      <trkpt lat="1.82731" lon="103.87232">
        <ele>501.06</ele>
      </trkpt>
      <trkpt lat="1.8273" lon="103.87226">
        <ele>500.67</ele>
      </trkpt>
      <trkpt lat="1.8273" lon="103.87214">
        <ele>501.26</ele>
      </trkpt>
      <trkpt lat="1.8273" lon="103.87209">
        <ele>501.49</ele>
      </trkpt>
      <trkpt lat="1.82728" lon="103.87204">
        <ele>500.16</ele>
      </trkpt>
      <trkpt lat="1.82728" lon="103.87202">
        <ele>500.25</ele>
      </trkpt>
      <trkpt lat="1.82727" lon="103.87199">
        <ele>499.59</ele>
      </trkpt>
      <trkpt lat="1.82727" lon="103.87194">
        <ele>499.81</ele>
      </trkpt>
      <trkpt lat="1.82727" lon="103.87188">
        <ele>500.1</ele>
      </trkpt>
      <trkpt lat="1.82724" lon="103.8718">
        <ele>497.99</ele>
      </trkpt>
      <trkpt lat="1.82723" lon="103.87178">
        <ele>497.24</ele>
      </trkpt>
      <trkpt lat="1.82722" lon="103.87175">
        <ele>496.51</ele>
      </trkpt>
      <trkpt lat="1.82721" lon="103.87172">
        <ele>495.77</ele>
      </trkpt>
      <trkpt lat="1.8272" lon="103.87168">
        <ele>495.04</ele>
      </trkpt>
      <trkpt lat="1.82719" lon="103.87164">
        <ele>494.74</ele>
      </trkpt>
      <trkpt lat="1.82716" lon="103.8716">
        <ele>493.04</ele>
      </trkpt>
      <trkpt lat="1.82715" lon="103.87149">
        <ele>494.6</ele>
      </trkpt>
      <trkpt lat="1.82713" lon="103.87141">
        <ele>494.88</ele>
      </trkpt>
      <trkpt lat="1.82709" lon="103.87135">
        <ele>493.45</ele>
      </trkpt>
      <trkpt lat="1.82709" lon="103.87132">
        <ele>494.2</ele>
      </trkpt>
      <trkpt lat="1.82708" lon="103.87131">
        <ele>493.75</ele>
      </trkpt>
      <trkpt lat="1.82705" lon="103.87124">
        <ele>493.48</ele>
      </trkpt>
      <trkpt lat="1.82703" lon="103.87122">
        <ele>492.65</ele>
      </trkpt>
      <trkpt lat="1.82703" lon="103.8712">
        <ele>493.18</ele>
      </trkpt>
      <trkpt lat="1.82701" lon="103.87115">
        <ele>493.19</ele>
      </trkpt>
      <trkpt lat="1.82697" lon="103.87109">
        <ele>492.31</ele>
      </trkpt>
      <trkpt lat="1.82694" lon="103.871">
        <ele>493.35</ele>
      </trkpt>
      <trkpt lat="1.82692" lon="103.87097">
        <ele>493.21</ele>
      </trkpt>
      <trkpt lat="1.82691" lon="103.87093">
        <ele>494.0</ele>
      </trkpt>
      <trkpt lat="1.82691" lon="103.87086">
        <ele>496.36</ele>
      </trkpt>
      <trkpt lat="1.82689" lon="103.87078">
        <ele>497.37</ele>
      </trkpt>
      <trkpt lat="1.82686" lon="103.87068">
        <ele>498.18</ele>
      </trkpt>
      <trkpt lat="1.82684" lon="103.8705">
        <ele>501.74</ele>
      </trkpt>
      <trkpt lat="1.82685" lon="103.87046">
        <ele>503.13</ele>
      </trkpt>
      <trkpt lat="1.82685" lon="103.87044">
        <ele>503.66</ele>
      </trkpt>
      <trkpt lat="1.82681" lon="103.87035">
        <ele>505.03</ele>
      </trkpt>
      <trkpt lat="1.82679" lon="103.87032">
        <ele>505.41</ele>
      </trkpt>
      <trkpt lat="1.82679" lon="103.8703">
        <ele>506.01</ele>
      </trkpt>
      <trkpt lat="1.82677" lon="103.87016">
        <ele>507.29</ele>
      </trkpt>
      <trkpt lat="1.82675" lon="103.87006">
        <ele>507.52</ele>
      </trkpt>
      <trkpt lat="1.82675" lon="103.87002">
        <ele>507.84</ele>
      </trkpt>
      <trkpt lat="1.82675" lon="103.86999">
        <ele>508.01</ele>
      </trkpt>
      <trkpt lat="1.82674" lon="103.86995">
        <ele>507.69</ele>
      </trkpt>
      <trkpt lat="1.82673" lon="103.86988">
        <ele>507.38</ele>
      </trkpt>
      <trkpt lat="1.82674" lon="103.86986">
        <ele>507.77</ele>
      </trkpt>
      <trkpt lat="1.82674" lon="103.86982">
        <ele>507.81</ele>
      </trkpt>
      <trkpt lat="1.82676" lon="103.8698">
        <ele>508.6</ele>
      </trkpt>
      <trkpt lat="1.82677" lon="103.86977">
        <ele>509.03</ele>
      </trkpt>
      <trkpt lat="1.82677" lon="103.86975">
        <ele>509.05</ele>
      </trkpt>
      <trkpt lat="1.82678" lon="103.86974">
        <ele>509.46</ele>
      </trkpt>
      <trkpt lat="1.82676" lon="103.86973">
        <ele>508.69</ele>
      </trkpt>
      <trkpt lat="1.82676" lon="103.86971">
        <ele>508.83</ele>
      </trkpt>
      <trkpt lat="1.82674" lon="103.8697">
        <ele>508.18</ele>
      </trkpt>
      <trkpt lat="1.82674" lon="103.86968">
        <ele>508.42</ele>
      </trkpt>
      <trkpt lat="1.82676" lon="103.8696">
        <ele>510.01</ele>
      </trkpt>
      <trkpt lat="1.8268" lon="103.86955">
        <ele>511.59</ele>
      </trkpt>
      <trkpt lat="1.82679" lon="103.86953">
        <ele>511.5</ele>
      </trkpt>
      <trkpt lat="1.8268" lon="103.86951">
        <ele>511.9</ele>
      </trkpt>
      <trkpt lat="1.8268" lon="103.86951">
        <ele>511.9</ele>
      </trkpt>
      <trkpt lat="1.82677" lon="103.86949">
        <ele>511.41</ele>
      </trkpt>
      <trkpt lat="1.82674" lon="103.86942">
        <ele>511.26</ele>
      </trkpt>
      <trkpt lat="1.82673" lon="103.86936">
        <ele>510.88</ele>
      </trkpt>
      <trkpt lat="1.82673" lon="103.86929">
        <ele>510.66</ele>
      </trkpt>
      <trkpt lat="1.82672" lon="103.86925">
        <ele>510.23</ele>
      </trkpt>
      <trkpt lat="1.82671" lon="103.86921">
        <ele>509.75</ele>
      </trkpt>
      <trkpt lat="1.82671" lon="103.86918">
        <ele>509.62</ele>
      </trkpt>
      <trkpt lat="1.8267" lon="103.86916">
        <ele>509.18</ele>
      </trkpt>
      <trkpt lat="1.8267" lon="103.86914">
        <ele>509.12</ele>
      </trkpt>
      <trkpt lat="1.82667" lon="103.8691">
        <ele>508.1</ele>
      </trkpt>
      <trkpt lat="1.82667" lon="103.86908">
        <ele>508.09</ele>
      </trkpt>
      <trkpt lat="1.82664" lon="103.86903">
        <ele>507.09</ele>
      </trkpt>
      <trkpt lat="1.82664" lon="103.869">
        <ele>507.1</ele>
      </trkpt>
      <trkpt lat="1.82664" lon="103.86895">
        <ele>507.11</ele>
      </trkpt>
      <trkpt lat="1.82663" lon="103.86894">
        <ele>506.79</ele>
      </trkpt>
      <trkpt lat="1.82662" lon="103.86887">
        <ele>506.28</ele>
      </trkpt>
      <trkpt lat="1.8266" lon="103.8688">
        <ele>505.02</ele>
      </trkpt>
      <trkpt lat="1.82659" lon="103.86877">
        <ele>504.51</ele>
      </trkpt>
      <trkpt lat="1.82657" lon="103.86876">
        <ele>503.98</ele>
      </trkpt>
      <trkpt lat="1.82651" lon="103.86872">
        <ele>502.55</ele>
      </trkpt>
      <trkpt lat="1.82648" lon="103.86871">
        <ele>501.97</ele>
      </trkpt>
      <trkpt lat="1.82647" lon="103.86871">
        <ele>501.79</ele>
      </trkpt>
      <trkpt lat="1.82642" lon="103.86866">
        <ele>501.1</ele>
      </trkpt>
      <trkpt lat="1.82641" lon="103.86864">
        <ele>501.07</ele>
      </trkpt>
      <trkpt lat="1.8264" lon="103.8686">
        <ele>501.04</ele>
      </trkpt>
      <trkpt lat="1.82641" lon="103.86858">
        <ele>501.0</ele>
      </trkpt>
      <trkpt lat="1.8264" lon="103.86854">
        <ele>500.61</ele>
      </trkpt>
      <trkpt lat="1.82642" lon="103.86848">
        <ele>500.39</ele>
      </trkpt>
      <trkpt lat="1.82641" lon="103.86845">
        <ele>500.07</ele>
      </trkpt>
      <trkpt lat="1.82641" lon="103.86843">
        <ele>499.92</ele>
      </trkpt>
      <trkpt lat="1.82641" lon="103.86841">
        <ele>499.78</ele>
      </trkpt>
      <trkpt lat="1.82641" lon="103.86838">
        <ele>499.56</ele>
      </trkpt>
      <trkpt lat="1.82641" lon="103.86835">
        <ele>499.35</ele>
      </trkpt>
      <trkpt lat="1.82639" lon="103.86829">
        <ele>499.17</ele>
      </trkpt>
      <trkpt lat="1.82635" lon="103.86824">
        <ele>498.73</ele>
      </trkpt>
      <trkpt lat="1.82635" lon="103.86821">
        <ele>498.87</ele>
      </trkpt>
      <trkpt lat="1.82633" lon="103.86814">
        <ele>498.93</ele>
      </trkpt>
      <trkpt lat="1.8263" lon="103.86809">
        <ele>498.84</ele>
      </trkpt>
      <trkpt lat="1.82628" lon="103.86806">
        <ele>498.8</ele>
      </trkpt>
      <trkpt lat="1.82626" lon="103.86801">
        <ele>497.82</ele>
      </trkpt>
      <trkpt lat="1.82623" lon="103.86793">
        <ele>495.83</ele>
      </trkpt>
      <trkpt lat="1.82617" lon="103.86781">
        <ele>491.69</ele>
      </trkpt>
      <trkpt lat="1.82612" lon="103.86766">
        <ele>487.88</ele>
      </trkpt>
      <trkpt lat="1.82609" lon="103.86758">
        <ele>486.11</ele>
      </trkpt>
      <trkpt lat="1.82606" lon="103.86752">
        <ele>484.8</ele>
      </trkpt>
      <trkpt lat="1.82606" lon="103.86738">
        <ele>481.22</ele>
      </trkpt>
      <trkpt lat="1.82603" lon="103.86727">
        <ele>477.71</ele>
      </trkpt>
      <trkpt lat="1.82599" lon="103.86718">
        <ele>475.94</ele>
      </trkpt>
      <trkpt lat="1.82594" lon="103.86712">
        <ele>475.57</ele>
      </trkpt>
      <trkpt lat="1.82591" lon="103.8671">
        <ele>475.51</ele>
      </trkpt>
      <trkpt lat="1.82586" lon="103.86708">
        <ele>475.51</ele>
      </trkpt>
      <trkpt lat="1.82578" lon="103.86706">
        <ele>474.43</ele>
      </trkpt>
      <trkpt lat="1.82563" lon="103.86705">
        <ele>471.23</ele>
      </trkpt>
      <trkpt lat="1.82562" lon="103.86705">
        <ele>471.01</ele>
      </trkpt>
      <trkpt lat="1.82555" lon="103.86705">
        <ele>469.57</ele>
      </trkpt>
      <trkpt lat="1.82549" lon="103.86705">
        <ele>468.99</ele>
      </trkpt>
      <trkpt lat="1.82542" lon="103.86699">
        <ele>469.28</ele>
      </trkpt>
      <trkpt lat="1.82529" lon="103.86695">
        <ele>469.85</ele>
      </trkpt>
      <trkpt lat="1.82521" lon="103.86694">
        <ele>468.43</ele>
      </trkpt>
      <trkpt lat="1.82515" lon="103.86694">
        <ele>467.14</ele>
      </trkpt>
      <trkpt lat="1.82513" lon="103.86694">
        <ele>466.71</ele>
      </trkpt>
      <trkpt lat="1.82511" lon="103.86695">
        <ele>466.23</ele>
      </trkpt>
      <trkpt lat="1.82508" lon="103.86694">
        <ele>465.64</ele>
      </trkpt>
      <trkpt lat="1.82505" lon="103.86695">
        <ele>464.94</ele>
      </trkpt>
      <trkpt lat="1.82504" lon="103.86694">
        <ele>464.78</ele>
      </trkpt>
      <trkpt lat="1.82502" lon="103.86693">
        <ele>464.16</ele>
      </trkpt>
      <trkpt lat="1.825" lon="103.86692">
        <ele>463.56</ele>
      </trkpt>
      <trkpt lat="1.82499" lon="103.8669">
        <ele>462.95</ele>
      </trkpt>
      <trkpt lat="1.82497" lon="103.8669">
        <ele>462.44</ele>
      </trkpt>
      <trkpt lat="1.82496" lon="103.86688">
        <ele>461.83</ele>
      </trkpt>
      <trkpt lat="1.82493" lon="103.86686">
        <ele>460.72</ele>
      </trkpt>
      <trkpt lat="1.8249" lon="103.86682">
        <ele>459.24</ele>
      </trkpt>
      <trkpt lat="1.82489" lon="103.86681">
        <ele>458.81</ele>
      </trkpt>
      <trkpt lat="1.82487" lon="103.86679">
        <ele>457.94</ele>
      </trkpt>
      <trkpt lat="1.8248" lon="103.86677">
        <ele>455.82</ele>
      </trkpt>
      <trkpt lat="1.82475" lon="103.86674">
        <ele>454.02</ele>
      </trkpt>
      <trkpt lat="1.82474" lon="103.86674">
        <ele>453.77</ele>
      </trkpt>
      <trkpt lat="1.82472" lon="103.86673">
        <ele>453.05</ele>
      </trkpt>
      <trkpt lat="1.8247" lon="103.86672">
        <ele>452.09</ele>
      </trkpt>
      <trkpt lat="1.82467" lon="103.8667">
        <ele>450.48</ele>
      </trkpt>
      <trkpt lat="1.82464" lon="103.86668">
        <ele>448.77</ele>
      </trkpt>
      <trkpt lat="1.82459" lon="103.86666">
        <ele>446.03</ele>
      </trkpt>
      <trkpt lat="1.82457" lon="103.86665">
        <ele>444.76</ele>
      </trkpt>
      <trkpt lat="1.82454" lon="103.86663">
        <ele>442.63</ele>
      </trkpt>
      <trkpt lat="1.82452" lon="103.86661">
        <ele>440.93</ele>
      </trkpt>
      <trkpt lat="1.8245" lon="103.86658">
        <ele>438.78</ele>
      </trkpt>
      <trkpt lat="1.82448" lon="103.86654">
        <ele>436.18</ele>
      </trkpt>
      <trkpt lat="1.82445" lon="103.86649">
        <ele>432.63</ele>
      </trkpt>
      <trkpt lat="1.82442" lon="103.86646">
        <ele>430.14</ele>
      </trkpt>
      <trkpt lat="1.8244" lon="103.86641">
        <ele>427.4</ele>
      </trkpt>
      <trkpt lat="1.82432" lon="103.86634">
        <ele>421.74</ele>
      </trkpt>
      <trkpt lat="1.82425" lon="103.86633">
        <ele>419.18</ele>
      </trkpt>
      <trkpt lat="1.82422" lon="103.86633">
        <ele>418.27</ele>
      </trkpt>
      <trkpt lat="1.8242" lon="103.86634">
        <ele>418.08</ele>
      </trkpt>
      <trkpt lat="1.82412" lon="103.86634">
        <ele>415.61</ele>
      </trkpt>
      <trkpt lat="1.82406" lon="103.86633">
        <ele>413.37</ele>
      </trkpt>
      <trkpt lat="1.82401" lon="103.86632">
        <ele>411.48</ele>
      </trkpt>
      <trkpt lat="1.82398" lon="103.8663">
        <ele>409.86</ele>
      </trkpt>
      <trkpt lat="1.82394" lon="103.86625">
        <ele>406.97</ele>
      </trkpt>
      <trkpt lat="1.82392" lon="103.86623">
        <ele>405.73</ele>
      </trkpt>
      <trkpt lat="1.8239" lon="103.86621">
        <ele>404.51</ele>
      </trkpt>
      <trkpt lat="1.82388" lon="103.8662">
        <ele>403.64</ele>
      </trkpt>
      <trkpt lat="1.82385" lon="103.8662">
        <ele>402.85</ele>
      </trkpt>
      <trkpt lat="1.82384" lon="103.86619">
        <ele>402.25</ele>
      </trkpt>
      <trkpt lat="1.82381" lon="103.86618">
        <ele>401.1</ele>
      </trkpt>
      <trkpt lat="1.8238" lon="103.86616">
        <ele>400.14</ele>
      </trkpt>
      <trkpt lat="1.82378" lon="103.86614">
        <ele>398.88</ele>
      </trkpt>
      <trkpt lat="1.82377" lon="103.86614">
        <ele>398.6</ele>
      </trkpt>
      <trkpt lat="1.82375" lon="103.86612">
        <ele>397.32</ele>
      </trkpt>
      <trkpt lat="1.82373" lon="103.86611">
        <ele>396.41</ele>
      </trkpt>
      <trkpt lat="1.82372" lon="103.8661">
        <ele>396.03</ele>
      </trkpt>
      <trkpt lat="1.8237" lon="103.8661">
        <ele>395.47</ele>
      </trkpt>
      <trkpt lat="1.82366" lon="103.86607">
        <ele>394.23</ele>
      </trkpt>
      <trkpt lat="1.82357" lon="103.86604">
        <ele>393.22</ele>
      </trkpt>
      <trkpt lat="1.8235" lon="103.86599">
        <ele>393.45</ele>
      </trkpt>
      <trkpt lat="1.82346" lon="103.86596">
        <ele>393.5</ele>
      </trkpt>
      <trkpt lat="1.82345" lon="103.86594">
        <ele>393.45</ele>
      </trkpt>
      <trkpt lat="1.82342" lon="103.86592">
        <ele>393.43</ele>
      </trkpt>
      <trkpt lat="1.82338" lon="103.86588">
        <ele>393.28</ele>
      </trkpt>
      <trkpt lat="1.82334" lon="103.86586">
        <ele>393.19</ele>
      </trkpt>
      <trkpt lat="1.8233" lon="103.86584">
        <ele>392.21</ele>
      </trkpt>
      <trkpt lat="1.82328" lon="103.86582">
        <ele>391.63</ele>
      </trkpt>
      <trkpt lat="1.82324" lon="103.86581">
        <ele>390.62</ele>
      </trkpt>
      <trkpt lat="1.82318" lon="103.86576">
        <ele>389.16</ele>
      </trkpt>
      <trkpt lat="1.82312" lon="103.86573">
        <ele>387.82</ele>
      </trkpt>
      <trkpt lat="1.82309" lon="103.86569">
        <ele>387.26</ele>
      </trkpt>
      <trkpt lat="1.82303" lon="103.86565">
        <ele>386.32</ele>
      </trkpt>
      <trkpt lat="1.82297" lon="103.86563">
        <ele>385.58</ele>
      </trkpt>
      <trkpt lat="1.82291" lon="103.86563">
        <ele>384.78</ele>
      </trkpt>
      <trkpt lat="1.8229" lon="103.86558">
        <ele>384.72</ele>
      </trkpt>
      <trkpt lat="1.82287" lon="103.86553">
        <ele>383.35</ele>
      </trkpt>
      <trkpt lat="1.82287" lon="103.86551">
        <ele>382.58</ele>
      </trkpt>
      <trkpt lat="1.82286" lon="103.86549">
        <ele>381.68</ele>
      </trkpt>
      <trkpt lat="1.82284" lon="103.86545">
        <ele>379.93</ele>
      </trkpt>
      <trkpt lat="1.82277" lon="103.86539">
        <ele>376.95</ele>
      </trkpt>
      <trkpt lat="1.82271" lon="103.86535">
        <ele>375.21</ele>
      </trkpt>
      <trkpt lat="1.82266" lon="103.86531">
        <ele>374.09</ele>
      </trkpt>
      <trkpt lat="1.82265" lon="103.86531">
        <ele>374.09</ele>
      </trkpt>
      <trkpt lat="1.82257" lon="103.86526">
        <ele>372.69</ele>
      </trkpt>
      <trkpt lat="1.82254" lon="103.86524">
        <ele>371.58</ele>
      </trkpt>
      <trkpt lat="1.82252" lon="103.86523">
        <ele>371.03</ele>
      </trkpt>
      <trkpt lat="1.8225" lon="103.8652">
        <ele>369.24</ele>
      </trkpt>
      <trkpt lat="1.8225" lon="103.86517">
        <ele>367.4</ele>
      </trkpt>
      <trkpt lat="1.82247" lon="103.8651">
        <ele>362.38</ele>
      </trkpt>
      <trkpt lat="1.82244" lon="103.86505">
        <ele>358.88</ele>
      </trkpt>
      <trkpt lat="1.82242" lon="103.86501">
        <ele>356.38</ele>
      </trkpt>
      <trkpt lat="1.8224" lon="103.86495">
        <ele>353.71</ele>
      </trkpt>
      <trkpt lat="1.82239" lon="103.86492">
        <ele>352.48</ele>
      </trkpt>
      <trkpt lat="1.82239" lon="103.8649">
        <ele>351.74</ele>
      </trkpt>
      <trkpt lat="1.82238" lon="103.86485">
        <ele>349.8</ele>
      </trkpt>
      <trkpt lat="1.82238" lon="103.8648">
        <ele>347.97</ele>
      </trkpt>
      <trkpt lat="1.82237" lon="103.86475">
        <ele>346.07</ele>
      </trkpt>
      <trkpt lat="1.82234" lon="103.86469">
        <ele>344.1</ele>
      </trkpt>
      <trkpt lat="1.8223" lon="103.86467">
        <ele>343.38</ele>
      </trkpt>
      <trkpt lat="1.82228" lon="103.86463">
        <ele>342.35</ele>
      </trkpt>
      <trkpt lat="1.82221" lon="103.86458">
        <ele>340.77</ele>
      </trkpt>
      <trkpt lat="1.82219" lon="103.86456">
        <ele>340.08</ele>
      </trkpt>
      <trkpt lat="1.82216" lon="103.86453">
        <ele>339.02</ele>
      </trkpt>
      <trkpt lat="1.82206" lon="103.86445">
        <ele>335.8</ele>
      </trkpt>
      <trkpt lat="1.82194" lon="103.86439">
        <ele>331.02</ele>
      </trkpt>
      <trkpt lat="1.82186" lon="103.86435">
        <ele>328.51</ele>
      </trkpt>
      <trkpt lat="1.82183" lon="103.86432">
        <ele>327.11</ele>
      </trkpt>
      <trkpt lat="1.82178" lon="103.8643">
        <ele>326.29</ele>
      </trkpt>
      <trkpt lat="1.8217" lon="103.86424">
        <ele>324.62</ele>
      </trkpt>
      <trkpt lat="1.82168" lon="103.86421">
        <ele>323.96</ele>
      </trkpt>
      <trkpt lat="1.82165" lon="103.86419">
        <ele>323.79</ele>
      </trkpt>
      <trkpt lat="1.82162" lon="103.86418">
        <ele>323.95</ele>
      </trkpt>
      <trkpt lat="1.82155" lon="103.86414">
        <ele>324.42</ele>
      </trkpt>
      <trkpt lat="1.82153" lon="103.86413">
        <ele>324.58</ele>
      </trkpt>
      <trkpt lat="1.8215" lon="103.86412">
        <ele>324.83</ele>
      </trkpt>
      <trkpt lat="1.82147" lon="103.86411">
        <ele>325.05</ele>
      </trkpt>
      <trkpt lat="1.82146" lon="103.8641">
        <ele>325.02</ele>
      </trkpt>
      <trkpt lat="1.82143" lon="103.86409">
        <ele>325.19</ele>
      </trkpt>
      <trkpt lat="1.82141" lon="103.86409">
        <ele>325.4</ele>
      </trkpt>
      <trkpt lat="1.82138" lon="103.86409">
        <ele>325.38</ele>
      </trkpt>
      <trkpt lat="1.82135" lon="103.86409">
        <ele>324.58</ele>
      </trkpt>
      <trkpt lat="1.82127" lon="103.86408">
        <ele>322.28</ele>
      </trkpt>
      <trkpt lat="1.82123" lon="103.86408">
        <ele>321.22</ele>
      </trkpt>
      <trkpt lat="1.82122" lon="103.86408">
        <ele>320.96</ele>
      </trkpt>
      <trkpt lat="1.82117" lon="103.86409">
        <ele>319.75</ele>
      </trkpt>
      <trkpt lat="1.82112" lon="103.86409">
        <ele>318.41</ele>
      </trkpt>
      <trkpt lat="1.82106" lon="103.86409">
        <ele>316.62</ele>
      </trkpt>
      <trkpt lat="1.82099" lon="103.86405">
        <ele>314.18</ele>
      </trkpt>
      <trkpt lat="1.82096" lon="103.86404">
        <ele>313.23</ele>
      </trkpt>
      <trkpt lat="1.82093" lon="103.86404">
        <ele>312.36</ele>
      </trkpt>
      <trkpt lat="1.8209" lon="103.86403">
        <ele>311.43</ele>
      </trkpt>
      <trkpt lat="1.82085" lon="103.86403">
        <ele>309.99</ele>
      </trkpt>
      <trkpt lat="1.8208" lon="103.864">
        <ele>309.02</ele>
      </trkpt>
      <trkpt lat="1.82077" lon="103.86399">
        <ele>308.7</ele>
      </trkpt>
      <trkpt lat="1.82072" lon="103.86396">
        <ele>308.42</ele>
      </trkpt>
      <trkpt lat="1.82071" lon="103.86393">
        <ele>308.62</ele>
      </trkpt>
      <trkpt lat="1.82071" lon="103.86391">
        <ele>308.81</ele>
      </trkpt>
      <trkpt lat="1.8207" lon="103.86389">
        <ele>308.99</ele>
      </trkpt>
      <trkpt lat="1.8207" lon="103.86387">
        <ele>308.77</ele>
      </trkpt>
      <trkpt lat="1.82069" lon="103.86385">
        <ele>308.49</ele>
      </trkpt>
      <trkpt lat="1.82065" lon="103.86383">
        <ele>308.02</ele>
      </trkpt>
      <trkpt lat="1.82059" lon="103.86379">
        <ele>306.82</ele>
      </trkpt>
      <trkpt lat="1.82057" lon="103.86377">
        <ele>306.16</ele>
      </trkpt>
      <trkpt lat="1.82052" lon="103.86373">
        <ele>303.88</ele>
      </trkpt>
      <trkpt lat="1.8205" lon="103.8637">
        <ele>302.74</ele>
      </trkpt>
      <trkpt lat="1.82043" lon="103.86363">
        <ele>300.33</ele>
      </trkpt>
      <trkpt lat="1.8204" lon="103.86357">
        <ele>299.42</ele>
      </trkpt>
      <trkpt lat="1.82039" lon="103.86355">
        <ele>299.13</ele>
      </trkpt>
      <trkpt lat="1.82037" lon="103.86347">
        <ele>298.31</ele>
      </trkpt>
      <trkpt lat="1.82036" lon="103.86345">
        <ele>298.09</ele>
      </trkpt>
      <trkpt lat="1.82035" lon="103.86342">
        <ele>297.82</ele>
      </trkpt>
      <trkpt lat="1.82034" lon="103.86339">
        <ele>297.57</ele>
      </trkpt>
      <trkpt lat="1.82031" lon="103.86329">
        <ele>296.02</ele>
      </trkpt>
      <trkpt lat="1.82025" lon="103.86321">
        <ele>293.63</ele>
      </trkpt>
      <trkpt lat="1.82021" lon="103.86316">
        <ele>292.11</ele>
      </trkpt>
      <trkpt lat="1.82018" lon="103.86312">
        <ele>291.03</ele>
      </trkpt>
      <trkpt lat="1.82016" lon="103.86309">
        <ele>290.29</ele>
      </trkpt>
      <trkpt lat="1.82014" lon="103.86306">
        <ele>289.59</ele>
      </trkpt>
      <trkpt lat="1.82011" lon="103.86303">
        <ele>289.21</ele>
      </trkpt>
      <trkpt lat="1.82006" lon="103.863">
        <ele>288.82</ele>
      </trkpt>
      <trkpt lat="1.82004" lon="103.86298">
        <ele>288.6</ele>
      </trkpt>
      <trkpt lat="1.82001" lon="103.86286">
        <ele>287.63</ele>
      </trkpt>
      <trkpt lat="1.81998" lon="103.8628">
        <ele>286.78</ele>
      </trkpt>
      <trkpt lat="1.81996" lon="103.86278">
        <ele>286.29</ele>
      </trkpt>
      <trkpt lat="1.81994" lon="103.86276">
        <ele>285.75</ele>
      </trkpt>
      <trkpt lat="1.81992" lon="103.86274">
        <ele>285.25</ele>
      </trkpt>
      <trkpt lat="1.81991" lon="103.86272">
        <ele>284.95</ele>
      </trkpt>
      <trkpt lat="1.81988" lon="103.86264">
        <ele>284.14</ele>
      </trkpt>
      <trkpt lat="1.81988" lon="103.86259">
        <ele>283.89</ele>
      </trkpt>
      <trkpt lat="1.81988" lon="103.86256">
        <ele>283.74</ele>
      </trkpt>
      <trkpt lat="1.81988" lon="103.86253">
        <ele>283.58</ele>
      </trkpt>
      <trkpt lat="1.81987" lon="103.86251">
        <ele>283.51</ele>
      </trkpt>
      <trkpt lat="1.81985" lon="103.86248">
        <ele>283.19</ele>
      </trkpt>
      <trkpt lat="1.81981" lon="103.86246">
        <ele>283.02</ele>
      </trkpt>
      <trkpt lat="1.81978" lon="103.86244">
        <ele>282.84</ele>
      </trkpt>
      <trkpt lat="1.81975" lon="103.86242">
        <ele>282.69</ele>
      </trkpt>
      <trkpt lat="1.81971" lon="103.86238">
        <ele>282.08</ele>
      </trkpt>
      <trkpt lat="1.81968" lon="103.86233">
        <ele>280.82</ele>
      </trkpt>
      <trkpt lat="1.81965" lon="103.86225">
        <ele>278.92</ele>
      </trkpt>
      <trkpt lat="1.81957" lon="103.86216">
        <ele>274.84</ele>
      </trkpt>
      <trkpt lat="1.81952" lon="103.8621">
        <ele>272.19</ele>
      </trkpt>
      <trkpt lat="1.81949" lon="103.86204">
        <ele>270.07</ele>
      </trkpt>
      <trkpt lat="1.81945" lon="103.862">
        <ele>268.47</ele>
      </trkpt>
      <trkpt lat="1.81937" lon="103.86199">
        <ele>266.72</ele>
      </trkpt>
      <trkpt lat="1.81935" lon="103.86198">
        <ele>266.11</ele>
      </trkpt>
      <trkpt lat="1.81932" lon="103.86198">
        <ele>265.54</ele>
      </trkpt>
      <trkpt lat="1.8193" lon="103.86198">
        <ele>265.16</ele>
      </trkpt>
      <trkpt lat="1.81922" lon="103.86197">
        <ele>263.46</ele>
      </trkpt>
      <trkpt lat="1.81919" lon="103.86198">
        <ele>263.08</ele>
      </trkpt>
      <trkpt lat="1.81913" lon="103.862">
        <ele>261.65</ele>
      </trkpt>
      <trkpt lat="1.81909" lon="103.86201">
        <ele>260.31</ele>
      </trkpt>
      <trkpt lat="1.81906" lon="103.86201">
        <ele>259.18</ele>
      </trkpt>
      <trkpt lat="1.81904" lon="103.86199">
        <ele>258.27</ele>
      </trkpt>
      <trkpt lat="1.81901" lon="103.86197">
        <ele>257.07</ele>
      </trkpt>
      <trkpt lat="1.819" lon="103.86192">
        <ele>256.62</ele>
      </trkpt>
      <trkpt lat="1.81893" lon="103.86186">
        <ele>254.55</ele>
      </trkpt>
      <trkpt lat="1.81889" lon="103.86179">
        <ele>253.59</ele>
      </trkpt>
      <trkpt lat="1.81884" lon="103.86174">
        <ele>253.0</ele>
      </trkpt>
      <trkpt lat="1.81879" lon="103.86171">
        <ele>252.23</ele>
      </trkpt>
      <trkpt lat="1.81875" lon="103.86169">
        <ele>251.54</ele>
      </trkpt>
      <trkpt lat="1.81871" lon="103.86167">
        <ele>250.79</ele>
      </trkpt>
      <trkpt lat="1.81867" lon="103.86164">
        <ele>249.79</ele>
      </trkpt>
      <trkpt lat="1.81861" lon="103.86164">
        <ele>248.72</ele>
      </trkpt>
      <trkpt lat="1.81855" lon="103.86162">
        <ele>249.01</ele>
      </trkpt>
      <trkpt lat="1.81852" lon="103.8616">
        <ele>248.95</ele>
      </trkpt>
      <trkpt lat="1.8185" lon="103.8616">
        <ele>249.1</ele>
      </trkpt>
      <trkpt lat="1.81847" lon="103.86158">
        <ele>248.95</ele>
      </trkpt>
      <trkpt lat="1.8184" lon="103.86156">
        <ele>248.96</ele>
      </trkpt>
      <trkpt lat="1.81838" lon="103.86155">
        <ele>248.84</ele>
      </trkpt>
      <trkpt lat="1.81836" lon="103.86152">
        <ele>248.22</ele>
      </trkpt>
      <trkpt lat="1.81835" lon="103.86151">
        <ele>248.01</ele>
      </trkpt>
      <trkpt lat="1.81833" lon="103.8615">
        <ele>247.69</ele>
      </trkpt>
      <trkpt lat="1.81829" lon="103.8615">
        <ele>246.4</ele>
      </trkpt>
      <trkpt lat="1.81826" lon="103.86149">
        <ele>245.22</ele>
      </trkpt>
      <trkpt lat="1.8182" lon="103.86149">
        <ele>243.31</ele>
      </trkpt>
      <trkpt lat="1.81815" lon="103.86147">
        <ele>241.46</ele>
      </trkpt>
      <trkpt lat="1.81808" lon="103.86142">
        <ele>238.89</ele>
      </trkpt>
      <trkpt lat="1.81804" lon="103.86141">
        <ele>237.37</ele>
      </trkpt>
      <trkpt lat="1.81801" lon="103.8614">
        <ele>235.79</ele>
      </trkpt>
      <trkpt lat="1.81798" lon="103.86138">
        <ele>234.19</ele>
      </trkpt>
      <trkpt lat="1.81796" lon="103.86137">
        <ele>233.21</ele>
      </trkpt>
      <trkpt lat="1.81792" lon="103.86134">
        <ele>231.42</ele>
      </trkpt>
      <trkpt lat="1.8179" lon="103.86131">
        <ele>230.71</ele>
      </trkpt>
      <trkpt lat="1.81787" lon="103.86128">
        <ele>229.7</ele>
      </trkpt>
      <trkpt lat="1.81784" lon="103.86127">
        <ele>228.6</ele>
      </trkpt>
      <trkpt lat="1.8178" lon="103.86127">
        <ele>227.02</ele>
      </trkpt>
      <trkpt lat="1.81774" lon="103.86127">
        <ele>225.32</ele>
      </trkpt>
      <trkpt lat="1.8177" lon="103.86126">
        <ele>224.64</ele>
      </trkpt>
      <trkpt lat="1.81768" lon="103.86126">
        <ele>224.21</ele>
      </trkpt>
      <trkpt lat="1.81765" lon="103.86123">
        <ele>224.1</ele>
      </trkpt>
      <trkpt lat="1.8176" lon="103.8612">
        <ele>223.56</ele>
      </trkpt>
      <trkpt lat="1.81757" lon="103.86119">
        <ele>223.09</ele>
      </trkpt>
      <trkpt lat="1.81755" lon="103.86119">
        <ele>222.66</ele>
      </trkpt>
      <trkpt lat="1.81754" lon="103.86119">
        <ele>222.44</ele>
      </trkpt>
      <trkpt lat="1.81748" lon="103.86118">
        <ele>221.06</ele>
      </trkpt>
      <trkpt lat="1.8174" lon="103.86116">
        <ele>218.48</ele>
      </trkpt>
      <trkpt lat="1.8173" lon="103.86111">
        <ele>215.1</ele>
      </trkpt>
      <trkpt lat="1.81712" lon="103.86108">
        <ele>207.72</ele>
      </trkpt>
      <trkpt lat="1.81698" lon="103.86108">
        <ele>200.95</ele>
      </trkpt>
      <trkpt lat="1.81686" lon="103.86108">
        <ele>195.34</ele>
      </trkpt>
      <trkpt lat="1.81681" lon="103.86109">
        <ele>192.93</ele>
      </trkpt>
      <trkpt lat="1.81676" lon="103.86109">
        <ele>190.62</ele>
      </trkpt>
      <trkpt lat="1.81672" lon="103.86108">
        <ele>188.9</ele>
      </trkpt>
      <trkpt lat="1.81669" lon="103.86108">
        <ele>187.52</ele>
      </trkpt>
      <trkpt lat="1.81666" lon="103.86107">
        <ele>186.33</ele>
      </trkpt>
      <trkpt lat="1.81653" lon="103.86104">
        <ele>181.35</ele>
      </trkpt>
      <trkpt lat="1.81647" lon="103.86102">
        <ele>178.84</ele>
      </trkpt>
      <trkpt lat="1.81637" lon="103.86101">
        <ele>174.35</ele>
      </trkpt>
      <trkpt lat="1.81622" lon="103.86098">
        <ele>167.08</ele>
      </trkpt>
      <trkpt lat="1.81622" lon="103.86098">
        <ele>167.08</ele>
      </trkpt>
      <trkpt lat="1.81618" lon="103.86096">
        <ele>165.27</ele>
      </trkpt>
      <trkpt lat="1.81614" lon="103.86092">
        <ele>163.65</ele>
      </trkpt>
      <trkpt lat="1.81607" lon="103.86087">
        <ele>160.98</ele>
      </trkpt>
      <trkpt lat="1.81605" lon="103.86086">
        <ele>160.19</ele>
      </trkpt>
      <trkpt lat="1.81599" lon="103.86085">
        <ele>157.67</ele>
      </trkpt>
      <trkpt lat="1.81595" lon="103.86083">
        <ele>156.08</ele>
      </trkpt>
      <trkpt lat="1.81592" lon="103.86079">
        <ele>155.27</ele>
      </trkpt>
      <trkpt lat="1.81591" lon="103.86073">
        <ele>155.59</ele>
      </trkpt>
      <trkpt lat="1.81591" lon="103.86069">
        <ele>156.09</ele>
      </trkpt>
      <trkpt lat="1.81591" lon="103.86067">
        <ele>156.34</ele>
      </trkpt>
      <trkpt lat="1.8159" lon="103.86064">
        <ele>156.33</ele>
      </trkpt>
      <trkpt lat="1.8159" lon="103.86061">
        <ele>156.71</ele>
      </trkpt>
      <trkpt lat="1.81587" lon="103.86056">
        <ele>156.26</ele>
      </trkpt>
      <trkpt lat="1.81584" lon="103.86053">
        <ele>155.52</ele>
      </trkpt>
      <trkpt lat="1.81584" lon="103.86048">
        <ele>156.06</ele>
      </trkpt>
      <trkpt lat="1.81583" lon="103.86047">
        <ele>155.78</ele>
      </trkpt>
      <trkpt lat="1.81583" lon="103.86044">
        <ele>156.1</ele>
      </trkpt>
      <trkpt lat="1.81584" lon="103.86042">
        <ele>156.72</ele>
      </trkpt>
      <trkpt lat="1.81584" lon="103.86039">
        <ele>157.04</ele>
      </trkpt>
      <trkpt lat="1.8158" lon="103.86034">
        <ele>155.79</ele>
      </trkpt>
      <trkpt lat="1.81574" lon="103.86031">
        <ele>153.32</ele>
      </trkpt>
      <trkpt lat="1.81569" lon="103.86031">
        <ele>151.0</ele>
      </trkpt>
      <trkpt lat="1.81566" lon="103.8603">
        <ele>149.7</ele>
      </trkpt>
      <trkpt lat="1.81561" lon="103.86026">
        <ele>147.83</ele>
      </trkpt>
      <trkpt lat="1.8156" lon="103.86024">
        <ele>147.69</ele>
      </trkpt>
      <trkpt lat="1.81557" lon="103.86023">
        <ele>146.51</ele>
      </trkpt>
      <trkpt lat="1.81554" lon="103.86023">
        <ele>145.52</ele>
      </trkpt>
      <trkpt lat="1.81551" lon="103.86024">
        <ele>144.73</ele>
      </trkpt>
      <trkpt lat="1.81546" lon="103.86025">
        <ele>143.57</ele>
      </trkpt>
      <trkpt lat="1.81542" lon="103.86024">
        <ele>142.84</ele>
      </trkpt>
      <trkpt lat="1.81539" lon="103.86024">
        <ele>142.21</ele>
      </trkpt>
      <trkpt lat="1.81535" lon="103.86023">
        <ele>141.4</ele>
      </trkpt>
      <trkpt lat="1.81532" lon="103.86022">
        <ele>140.74</ele>
      </trkpt>
      <trkpt lat="1.81529" lon="103.86022">
        <ele>140.07</ele>
      </trkpt>
      <trkpt lat="1.81525" lon="103.86022">
        <ele>139.23</ele>
      </trkpt>
      <trkpt lat="1.81522" lon="103.86021">
        <ele>138.61</ele>
      </trkpt>
      <trkpt lat="1.81514" lon="103.86021">
        <ele>137.02</ele>
      </trkpt>
      <trkpt lat="1.8151" lon="103.8602">
        <ele>136.24</ele>
      </trkpt>
      <trkpt lat="1.81505" lon="103.86021">
        <ele>135.24</ele>
      </trkpt>
      <trkpt lat="1.81504" lon="103.8602">
        <ele>135.06</ele>
      </trkpt>
      <trkpt lat="1.81498" lon="103.8602">
        <ele>133.44</ele>
      </trkpt>
      <trkpt lat="1.81495" lon="103.86021">
        <ele>132.12</ele>
      </trkpt>
      <trkpt lat="1.81489" lon="103.86022">
        <ele>129.47</ele>
      </trkpt>
      <trkpt lat="1.81486" lon="103.86021">
        <ele>128.31</ele>
      </trkpt>
      <trkpt lat="1.81482" lon="103.8602">
        <ele>126.76</ele>
      </trkpt>
      <trkpt lat="1.81478" lon="103.86018">
        <ele>125.45</ele>
      </trkpt>
      <trkpt lat="1.81476" lon="103.86018">
        <ele>124.64</ele>
      </trkpt>
      <trkpt lat="1.81473" lon="103.86016">
        <ele>123.85</ele>
      </trkpt>
      <trkpt lat="1.81471" lon="103.86016">
        <ele>123.32</ele>
      </trkpt>
      <trkpt lat="1.81466" lon="103.86013">
        <ele>123.07</ele>
      </trkpt>
      <trkpt lat="1.81463" lon="103.86013">
        <ele>122.53</ele>
      </trkpt>
      <trkpt lat="1.81462" lon="103.86011">
        <ele>122.78</ele>
      </trkpt>
      <trkpt lat="1.81457" lon="103.8601">
        <ele>122.1</ele>
      </trkpt>
      <trkpt lat="1.81452" lon="103.86007">
        <ele>121.85</ele>
      </trkpt>
      <trkpt lat="1.81449" lon="103.86007">
        <ele>121.31</ele>
      </trkpt>
      <trkpt lat="1.81446" lon="103.86006">
        <ele>120.98</ele>
      </trkpt>
      <trkpt lat="1.81442" lon="103.86007">
        <ele>120.8</ele>
      </trkpt>
      <trkpt lat="1.81438" lon="103.86008">
        <ele>121.1</ele>
      </trkpt>
      <trkpt lat="1.81433" lon="103.86009">
        <ele>121.56</ele>
      </trkpt>
      <trkpt lat="1.81423" lon="103.86011">
        <ele>122.55</ele>
      </trkpt>
      <trkpt lat="1.81416" lon="103.86015">
        <ele>122.9</ele>
      </trkpt>
      <trkpt lat="1.81413" lon="103.86015">
        <ele>123.19</ele>
      </trkpt>
      <trkpt lat="1.81409" lon="103.86017">
        <ele>123.33</ele>
      </trkpt>
      <trkpt lat="1.81406" lon="103.86017">
        <ele>123.64</ele>
      </trkpt>
      <trkpt lat="1.81399" lon="103.86019">
        <ele>124.21</ele>
      </trkpt>
      <trkpt lat="1.81396" lon="103.8602">
        <ele>124.47</ele>
      </trkpt>
      <trkpt lat="1.8139" lon="103.86019">
        <ele>125.19</ele>
      </trkpt>
      <trkpt lat="1.81386" lon="103.86018">
        <ele>125.23</ele>
      </trkpt>
      <trkpt lat="1.81374" lon="103.8601">
        <ele>126.73</ele>
      </trkpt>
      <trkpt lat="1.81369" lon="103.86006">
        <ele>128.38</ele>
      </trkpt>
      <trkpt lat="1.81365" lon="103.86003">
        <ele>130.03</ele>
      </trkpt>
      <trkpt lat="1.81359" lon="103.85997">
        <ele>130.54</ele>
      </trkpt>
      <trkpt lat="1.81354" lon="103.85992">
        <ele>128.3</ele>
      </trkpt>
      <trkpt lat="1.81349" lon="103.85988">
        <ele>127.13</ele>
      </trkpt>
      <trkpt lat="1.81346" lon="103.85984">
        <ele>127.14</ele>
      </trkpt>
      <trkpt lat="1.8134" lon="103.85975">
        <ele>129.17</ele>
      </trkpt>
      <trkpt lat="1.81336" lon="103.85966">
        <ele>131.53</ele>
      </trkpt>
      <trkpt lat="1.81334" lon="103.85957">
        <ele>133.11</ele>
      </trkpt>
      <trkpt lat="1.81334" lon="103.85945">
        <ele>134.85</ele>
      </trkpt>
      <trkpt lat="1.81335" lon="103.85942">
        <ele>135.08</ele>
      </trkpt>
      <trkpt lat="1.81335" lon="103.85932">
        <ele>136.16</ele>
      </trkpt>
      <trkpt lat="1.81334" lon="103.85926">
        <ele>136.92</ele>
      </trkpt>
      <trkpt lat="1.81334" lon="103.85923">
        <ele>137.24</ele>
      </trkpt>
      <trkpt lat="1.81334" lon="103.8592">
        <ele>137.57</ele>
      </trkpt>
      <trkpt lat="1.81334" lon="103.8592">
        <ele>137.57</ele>
      </trkpt>
      <trkpt lat="1.81334" lon="103.85918">
        <ele>137.78</ele>
      </trkpt>
      <trkpt lat="1.81335" lon="103.85915">
        <ele>137.76</ele>
      </trkpt>
      <trkpt lat="1.81335" lon="103.85911">
        <ele>137.62</ele>
      </trkpt>
      <trkpt lat="1.81337" lon="103.85906">
        <ele>137.22</ele>
      </trkpt>
      <trkpt lat="1.81337" lon="103.85903">
        <ele>137.11</ele>
      </trkpt>
      <trkpt lat="1.81341" lon="103.85891">
        <ele>136.25</ele>
      </trkpt>
      <trkpt lat="1.81345" lon="103.85883">
        <ele>134.67</ele>
      </trkpt>
      <trkpt lat="1.81347" lon="103.85879">
        <ele>133.9</ele>
      </trkpt>
      <trkpt lat="1.81348" lon="103.85876">
        <ele>133.42</ele>
      </trkpt>
      <trkpt lat="1.81351" lon="103.85869">
        <ele>132.55</ele>
      </trkpt>
      <trkpt lat="1.81361" lon="103.85853">
        <ele>132.99</ele>
      </trkpt>
      <trkpt lat="1.81363" lon="103.85847">
        <ele>132.56</ele>
      </trkpt>
      <trkpt lat="1.81363" lon="103.85844">
        <ele>132.6</ele>
      </trkpt>
      <trkpt lat="1.81361" lon="103.8584">
        <ele>133.0</ele>
      </trkpt>
      <trkpt lat="1.81359" lon="103.85838">
        <ele>132.95</ele>
      </trkpt>
      <trkpt lat="1.81357" lon="103.85836">
        <ele>132.94</ele>
      </trkpt>
      <trkpt lat="1.81351" lon="103.85832">
        <ele>132.93</ele>
      </trkpt>
      <trkpt lat="1.81343" lon="103.85829">
        <ele>133.09</ele>
      </trkpt>
      <trkpt lat="1.81338" lon="103.85828">
        <ele>133.35</ele>
      </trkpt>
      <trkpt lat="1.8133" lon="103.85828">
        <ele>133.31</ele>
      </trkpt>
      <trkpt lat="1.81323" lon="103.85829">
        <ele>132.58</ele>
      </trkpt>
      <trkpt lat="1.81315" lon="103.85828">
        <ele>132.1</ele>
      </trkpt>
      <trkpt lat="1.81311" lon="103.85825">
        <ele>132.45</ele>
      </trkpt>
      <trkpt lat="1.81305" lon="103.8582">
        <ele>133.27</ele>
      </trkpt>
      <trkpt lat="1.81302" lon="103.85818">
        <ele>133.28</ele>
      </trkpt>
      <trkpt lat="1.81297" lon="103.85812">
        <ele>133.91</ele>
      </trkpt>
      <trkpt lat="1.81294" lon="103.85809">
        <ele>134.1</ele>
      </trkpt>
      <trkpt lat="1.81289" lon="103.85806">
        <ele>133.92</ele>
      </trkpt>
      <trkpt lat="1.81284" lon="103.85803">
        <ele>133.4</ele>
      </trkpt>
      <trkpt lat="1.81277" lon="103.85798">
        <ele>132.52</ele>
      </trkpt>
      <trkpt lat="1.8127" lon="103.85793">
        <ele>130.4</ele>
      </trkpt>
      <trkpt lat="1.81262" lon="103.85786">
        <ele>128.26</ele>
      </trkpt>
      <trkpt lat="1.81255" lon="103.85779">
        <ele>126.63</ele>
      </trkpt>
      <trkpt lat="1.81248" lon="103.85773">
        <ele>124.34</ele>
      </trkpt>
      <trkpt lat="1.81241" lon="103.85765">
        <ele>122.99</ele>
      </trkpt>
      <trkpt lat="1.81241" lon="103.85764">
        <ele>123.04</ele>
      </trkpt>
      <trkpt lat="1.81237" lon="103.85758">
        <ele>122.88</ele>
      </trkpt>
      <trkpt lat="1.81233" lon="103.85754">
        <ele>122.92</ele>
      </trkpt>
      <trkpt lat="1.8123" lon="103.85751">
        <ele>123.13</ele>
      </trkpt>
      <trkpt lat="1.81228" lon="103.85746">
        <ele>123.41</ele>
      </trkpt>
      <trkpt lat="1.81224" lon="103.85741">
        <ele>123.65</ele>
      </trkpt>
      <trkpt lat="1.81223" lon="103.85739">
        <ele>123.79</ele>
      </trkpt>
      <trkpt lat="1.81222" lon="103.85737">
        <ele>123.94</ele>
      </trkpt>
      <trkpt lat="1.81221" lon="103.85735">
        <ele>124.11</ele>
      </trkpt>
      <trkpt lat="1.8122" lon="103.85733">
        <ele>124.33</ele>
      </trkpt>
      <trkpt lat="1.81218" lon="103.85729">
        <ele>124.86</ele>
      </trkpt>
      <trkpt lat="1.81215" lon="103.85722">
        <ele>126.01</ele>
      </trkpt>
      <trkpt lat="1.81211" lon="103.85718">
        <ele>125.91</ele>
      </trkpt>
      <trkpt lat="1.81209" lon="103.85714">
        <ele>125.45</ele>
      </trkpt>
      <trkpt lat="1.81208" lon="103.8571">
        <ele>124.83</ele>
      </trkpt>
      <trkpt lat="1.81206" lon="103.85705">
        <ele>124.03</ele>
      </trkpt>
      <trkpt lat="1.81206" lon="103.85702">
        <ele>123.45</ele>
      </trkpt>
      <trkpt lat="1.81205" lon="103.857">
        <ele>123.1</ele>
      </trkpt>
      <trkpt lat="1.81205" lon="103.85697">
        <ele>122.5</ele>
      </trkpt>
      <trkpt lat="1.81204" lon="103.85693">
        <ele>121.22</ele>
      </trkpt>
      <trkpt lat="1.81202" lon="103.85688">
        <ele>118.48</ele>
      </trkpt>
      <trkpt lat="1.812" lon="103.85685">
        <ele>116.76</ele>
      </trkpt>
      <trkpt lat="1.81199" lon="103.85678">
        <ele>112.82</ele>
      </trkpt>
      <trkpt lat="1.81197" lon="103.85671">
        <ele>108.73</ele>
      </trkpt>
      <trkpt lat="1.81195" lon="103.85669">
        <ele>107.4</ele>
      </trkpt>
      <trkpt lat="1.81195" lon="103.85666">
        <ele>105.72</ele>
      </trkpt>
      <trkpt lat="1.81192" lon="103.85663">
        <ele>103.72</ele>
      </trkpt>
      <trkpt lat="1.81189" lon="103.85659">
        <ele>101.39</ele>
      </trkpt>
      <trkpt lat="1.81186" lon="103.85656">
        <ele>99.73</ele>
      </trkpt>
      <trkpt lat="1.81183" lon="103.85653">
        <ele>98.26</ele>
      </trkpt>
      <trkpt lat="1.81178" lon="103.85649">
        <ele>96.56</ele>
      </trkpt>
      <trkpt lat="1.81169" lon="103.85644">
        <ele>95.06</ele>
      </trkpt>
      <trkpt lat="1.81161" lon="103.85641">
        <ele>95.57</ele>
      </trkpt>
      <trkpt lat="1.81158" lon="103.85642">
        <ele>96.44</ele>
      </trkpt>
      <trkpt lat="1.81152" lon="103.85639">
        <ele>96.68</ele>
      </trkpt>
      <trkpt lat="1.81149" lon="103.85634">
        <ele>96.99</ele>
      </trkpt>
      <trkpt lat="1.81146" lon="103.8563">
        <ele>97.47</ele>
      </trkpt>
      <trkpt lat="1.81145" lon="103.85627">
        <ele>97.62</ele>
      </trkpt>
      <trkpt lat="1.8114" lon="103.8562">
        <ele>98.72</ele>
      </trkpt>
      <trkpt lat="1.81138" lon="103.85616">
        <ele>99.06</ele>
      </trkpt>
      <trkpt lat="1.81132" lon="103.85609">
        <ele>99.17</ele>
      </trkpt>
      <trkpt lat="1.81129" lon="103.85605">
        <ele>99.23</ele>
      </trkpt>
      <trkpt lat="1.81127" lon="103.856">
        <ele>99.31</ele>
      </trkpt>
      <trkpt lat="1.81126" lon="103.85597">
        <ele>99.39</ele>
      </trkpt>
      <trkpt lat="1.81126" lon="103.85595">
        <ele>99.38</ele>
      </trkpt>
      <trkpt lat="1.81126" lon="103.85592">
        <ele>99.36</ele>
      </trkpt>
      <trkpt lat="1.81126" lon="103.85585">
        <ele>99.33</ele>
      </trkpt>
      <trkpt lat="1.81125" lon="103.85573">
        <ele>100.99</ele>
      </trkpt>
      <trkpt lat="1.81123" lon="103.85566">
        <ele>102.18</ele>
      </trkpt>
      <trkpt lat="1.81122" lon="103.85553">
        <ele>103.06</ele>
      </trkpt>
      <trkpt lat="1.81121" lon="103.8555">
        <ele>102.44</ele>
      </trkpt>
      <trkpt lat="1.81122" lon="103.85546">
        <ele>101.54</ele>
      </trkpt>
      <trkpt lat="1.81124" lon="103.85544">
        <ele>101.04</ele>
      </trkpt>
      <trkpt lat="1.81126" lon="103.85539">
        <ele>99.89</ele>
      </trkpt>
      <trkpt lat="1.8113" lon="103.85532">
        <ele>98.23</ele>
      </trkpt>
      <trkpt lat="1.81136" lon="103.85524">
        <ele>96.45</ele>
      </trkpt>
      <trkpt lat="1.81139" lon="103.85521">
        <ele>95.78</ele>
      </trkpt>
      <trkpt lat="1.81141" lon="103.85518">
        <ele>95.27</ele>
      </trkpt>
      <trkpt lat="1.81145" lon="103.85514">
        <ele>94.63</ele>
      </trkpt>
      <trkpt lat="1.81145" lon="103.85513">
        <ele>94.46</ele>
      </trkpt>
      <trkpt lat="1.81147" lon="103.85512">
        <ele>94.33</ele>
      </trkpt>
      <trkpt lat="1.81148" lon="103.8551">
        <ele>94.01</ele>
      </trkpt>
      <trkpt lat="1.8115" lon="103.85508">
        <ele>93.72</ele>
      </trkpt>
      <trkpt lat="1.81152" lon="103.85503">
        <ele>92.96</ele>
      </trkpt>
      <trkpt lat="1.81153" lon="103.85499">
        <ele>92.43</ele>
      </trkpt>
      <trkpt lat="1.81153" lon="103.85495">
        <ele>92.14</ele>
      </trkpt>
      <trkpt lat="1.81152" lon="103.85492">
        <ele>91.93</ele>
      </trkpt>
      <trkpt lat="1.8115" lon="103.85489">
        <ele>91.77</ele>
      </trkpt>
      <trkpt lat="1.81144" lon="103.85482">
        <ele>91.71</ele>
      </trkpt>
      <trkpt lat="1.81137" lon="103.85475">
        <ele>92.14</ele>
      </trkpt>
      <trkpt lat="1.81134" lon="103.85473">
        <ele>92.36</ele>
      </trkpt>
      <trkpt lat="1.81127" lon="103.85466">
        <ele>91.61</ele>
      </trkpt>
      <trkpt lat="1.81124" lon="103.8546">
        <ele>90.67</ele>
      </trkpt>
      <trkpt lat="1.81124" lon="103.85458">
        <ele>90.27</ele>
      </trkpt>
      <trkpt lat="1.81122" lon="103.85456">
        <ele>90.07</ele>
      </trkpt>
      <trkpt lat="1.81121" lon="103.85452">
        <ele>89.39</ele>
      </trkpt>
      <trkpt lat="1.8112" lon="103.85444">
        <ele>87.9</ele>
      </trkpt>
      <trkpt lat="1.8112" lon="103.85438">
        <ele>85.94</ele>
      </trkpt>
      <trkpt lat="1.8112" lon="103.85434">
        <ele>84.64</ele>
      </trkpt>
      <trkpt lat="1.8112" lon="103.85431">
        <ele>83.66</ele>
      </trkpt>
      <trkpt lat="1.81121" lon="103.85428">
        <ele>82.64</ele>
      </trkpt>
      <trkpt lat="1.8112" lon="103.85422">
        <ele>80.74</ele>
      </trkpt>
      <trkpt lat="1.81121" lon="103.85417">
        <ele>79.11</ele>
      </trkpt>
      <trkpt lat="1.81122" lon="103.85414">
        <ele>78.77</ele>
      </trkpt>
      <trkpt lat="1.81121" lon="103.8541">
        <ele>78.38</ele>
      </trkpt>
      <trkpt lat="1.81119" lon="103.85406">
        <ele>77.9</ele>
      </trkpt>
      <trkpt lat="1.81114" lon="103.85395">
        <ele>76.2</ele>
      </trkpt>
      <trkpt lat="1.81112" lon="103.85393">
        <ele>75.7</ele>
      </trkpt>
      <trkpt lat="1.81111" lon="103.85393">
        <ele>75.59</ele>
      </trkpt>
      <trkpt lat="1.81106" lon="103.85391">
        <ele>75.18</ele>
      </trkpt>
      <trkpt lat="1.81105" lon="103.8539">
        <ele>74.98</ele>
      </trkpt>
      <trkpt lat="1.81104" lon="103.85389">
        <ele>74.76</ele>
      </trkpt>
      <trkpt lat="1.81103" lon="103.85386">
        <ele>74.9</ele>
      </trkpt>
      <trkpt lat="1.811" lon="103.85383">
        <ele>74.9</ele>
      </trkpt>
      <trkpt lat="1.81093" lon="103.8538">
        <ele>74.47</ele>
      </trkpt>
      <trkpt lat="1.81087" lon="103.85376">
        <ele>73.91</ele>
      </trkpt>
      <trkpt lat="1.81082" lon="103.85374">
        <ele>73.55</ele>
      </trkpt>
      <trkpt lat="1.81078" lon="103.85373">
        <ele>73.76</ele>
      </trkpt>
      <trkpt lat="1.81073" lon="103.8537">
        <ele>73.8</ele>
      </trkpt>
      <trkpt lat="1.81072" lon="103.8537">
        <ele>73.84</ele>
      </trkpt>
      <trkpt lat="1.8106" lon="103.85361">
        <ele>73.0</ele>
      </trkpt>
      <trkpt lat="1.81041" lon="103.85346">
        <ele>71.84</ele>
      </trkpt>
      <trkpt lat="1.81031" lon="103.85341">
        <ele>70.6</ele>
      </trkpt>
      <trkpt lat="1.81026" lon="103.85336">
        <ele>69.15</ele>
      </trkpt>
      <trkpt lat="1.8102" lon="103.85328">
        <ele>64.55</ele>
      </trkpt>
      <trkpt lat="1.81018" lon="103.85324">
        <ele>62.08</ele>
      </trkpt>
      <trkpt lat="1.81016" lon="103.85317">
        <ele>58.13</ele>
      </trkpt>
      <trkpt lat="1.81015" lon="103.85313">
        <ele>55.93</ele>
      </trkpt>
      <trkpt lat="1.81015" lon="103.8531">
        <ele>54.41</ele>
      </trkpt>
      <trkpt lat="1.81015" lon="103.85308">
        <ele>53.4</ele>
      </trkpt>
      <trkpt lat="1.81016" lon="103.85305">
        <ele>52.13</ele>
      </trkpt>
      <trkpt lat="1.81016" lon="103.85302">
        <ele>51.17</ele>
      </trkpt>
      <trkpt lat="1.81018" lon="103.85298">
        <ele>50.08</ele>
      </trkpt>
      <trkpt lat="1.81021" lon="103.85295">
        <ele>49.31</ele>
      </trkpt>
      <trkpt lat="1.81022" lon="103.85293">
        <ele>48.67</ele>
      </trkpt>
      <trkpt lat="1.81027" lon="103.85286">
        <ele>46.24</ele>
      </trkpt>
      <trkpt lat="1.81034" lon="103.85279">
        <ele>43.75</ele>
      </trkpt>
      <trkpt lat="1.81041" lon="103.85274">
        <ele>41.71</ele>
      </trkpt>
      <trkpt lat="1.81043" lon="103.85271">
        <ele>40.35</ele>
      </trkpt>
      <trkpt lat="1.8105" lon="103.85266">
        <ele>38.03</ele>
      </trkpt>
      <trkpt lat="1.81052" lon="103.85263">
        <ele>36.56</ele>
      </trkpt>
      <trkpt lat="1.81053" lon="103.85262">
        <ele>36.06</ele>
      </trkpt>
      <trkpt lat="1.81054" lon="103.85258">
        <ele>34.06</ele>
      </trkpt>
      <trkpt lat="1.81053" lon="103.85252">
        <ele>31.09</ele>
      </trkpt>
      <trkpt lat="1.81052" lon="103.85249">
        <ele>30.04</ele>
      </trkpt>
      <trkpt lat="1.81051" lon="103.85245">
        <ele>29.74</ele>
      </trkpt>
      <trkpt lat="1.81049" lon="103.85242">
        <ele>29.64</ele>
      </trkpt>
      <trkpt lat="1.81046" lon="103.85239">
        <ele>29.7</ele>
      </trkpt>
      <trkpt lat="1.81044" lon="103.85236">
        <ele>29.74</ele>
      </trkpt>
      <trkpt lat="1.81041" lon="103.85233">
        <ele>29.97</ele>
      </trkpt>
      <trkpt lat="1.81037" lon="103.8523">
        <ele>30.43</ele>
      </trkpt>
      <trkpt lat="1.81035" lon="103.8523">
        <ele>30.71</ele>
      </trkpt>
      <trkpt lat="1.81034" lon="103.85229">
        <ele>30.85</ele>
      </trkpt>
      <trkpt lat="1.81031" lon="103.85228">
        <ele>31.31</ele>
      </trkpt>
      <trkpt lat="1.81025" lon="103.85223">
        <ele>32.58</ele>
      </trkpt>
      <trkpt lat="1.8102" lon="103.85222">
        <ele>33.73</ele>
      </trkpt>
      <trkpt lat="1.81016" lon="103.85222">
        <ele>34.58</ele>
      </trkpt>
      <trkpt lat="1.81013" lon="103.85223">
        <ele>35.19</ele>
      </trkpt>
      <trkpt lat="1.81008" lon="103.85223">
        <ele>36.28</ele>
      </trkpt>
      <trkpt lat="1.81007" lon="103.85223">
        <ele>36.5</ele>
      </trkpt>
      <trkpt lat="1.81005" lon="103.85223">
        <ele>36.94</ele>
      </trkpt>
      <trkpt lat="1.81003" lon="103.85222">
        <ele>37.37</ele>
      </trkpt>
      <trkpt lat="1.81002" lon="103.85221">
        <ele>37.63</ele>
      </trkpt>
      <trkpt lat="1.80999" lon="103.8522">
        <ele>38.31</ele>
      </trkpt>
      <trkpt lat="1.80997" lon="103.85217">
        <ele>38.78</ele>
      </trkpt>
      <trkpt lat="1.80993" lon="103.8521">
        <ele>39.32</ele>
      </trkpt>
      <trkpt lat="1.80991" lon="103.85208">
        <ele>39.45</ele>
      </trkpt>
      <trkpt lat="1.80986" lon="103.85206">
        <ele>39.76</ele>
      </trkpt>
      <trkpt lat="1.80983" lon="103.85203">
        <ele>39.59</ele>
      </trkpt>
      <trkpt lat="1.80977" lon="103.85198">
        <ele>38.89</ele>
      </trkpt>
      <trkpt lat="1.80973" lon="103.85194">
        <ele>38.12</ele>
      </trkpt>
      <trkpt lat="1.80971" lon="103.85192">
        <ele>38.44</ele>
      </trkpt>
      <trkpt lat="1.8097" lon="103.85191">
        <ele>38.58</ele>
      </trkpt>
      <trkpt lat="1.80968" lon="103.85189">
        <ele>38.87</ele>
      </trkpt>
      <trkpt lat="1.80966" lon="103.85186">
        <ele>39.38</ele>
      </trkpt>
      <trkpt lat="1.80965" lon="103.85185">
        <ele>39.52</ele>
      </trkpt>
      <trkpt lat="1.80967" lon="103.85177">
        <ele>41.39</ele>
      </trkpt>
      <trkpt lat="1.80967" lon="103.85171">
        <ele>42.69</ele>
      </trkpt>
      <trkpt lat="1.80967" lon="103.85168">
        <ele>43.34</ele>
      </trkpt>
      <trkpt lat="1.80966" lon="103.85164">
        <ele>43.12</ele>
      </trkpt>
      <trkpt lat="1.80963" lon="103.85158">
        <ele>41.98</ele>
      </trkpt>
      <trkpt lat="1.80957" lon="103.8515">
        <ele>40.56</ele>
      </trkpt>
      <trkpt lat="1.80955" lon="103.85147">
        <ele>40.1</ele>
      </trkpt>
      <trkpt lat="1.80951" lon="103.85135">
        <ele>39.31</ele>
      </trkpt>
      <trkpt lat="1.80942" lon="103.8512">
        <ele>40.01</ele>
      </trkpt>
      <trkpt lat="1.80941" lon="103.85116">
        <ele>40.21</ele>
      </trkpt>
      <trkpt lat="1.80941" lon="103.85112">
        <ele>40.55</ele>
      </trkpt>
      <trkpt lat="1.80941" lon="103.85111">
        <ele>40.63</ele>
      </trkpt>
      <trkpt lat="1.80941" lon="103.85108">
        <ele>40.77</ele>
      </trkpt>
      <trkpt lat="1.80941" lon="103.85105">
        <ele>40.9</ele>
      </trkpt>
      <trkpt lat="1.80941" lon="103.85101">
        <ele>41.09</ele>
      </trkpt>
      <trkpt lat="1.80939" lon="103.85095">
        <ele>40.89</ele>
      </trkpt>
      <trkpt lat="1.80935" lon="103.85087">
        <ele>39.95</ele>
      </trkpt>
      <trkpt lat="1.80932" lon="103.85084">
        <ele>38.98</ele>
      </trkpt>
      <trkpt lat="1.8093" lon="103.8508">
        <ele>38.31</ele>
      </trkpt>
      <trkpt lat="1.80926" lon="103.85075">
        <ele>36.83</ele>
      </trkpt>
      <trkpt lat="1.80921" lon="103.85069">
        <ele>34.69</ele>
      </trkpt>
      <trkpt lat="1.80917" lon="103.85062">
        <ele>32.61</ele>
      </trkpt>
      <trkpt lat="1.80907" lon="103.85044">
        <ele>28.75</ele>
      </trkpt>
      <trkpt lat="1.80906" lon="103.85037">
        <ele>28.08</ele>
      </trkpt>
      <trkpt lat="1.80905" lon="103.85032">
        <ele>27.58</ele>
      </trkpt>
      <trkpt lat="1.80907" lon="103.85024">
        <ele>27.92</ele>
      </trkpt>
      <trkpt lat="1.80909" lon="103.85018">
        <ele>28.76</ele>
      </trkpt>
      <trkpt lat="1.80911" lon="103.85011">
        <ele>29.75</ele>
      </trkpt>
      <trkpt lat="1.80914" lon="103.85007">
        <ele>30.72</ele>
      </trkpt>
      <trkpt lat="1.80916" lon="103.85002">
        <ele>31.64</ele>
      </trkpt>
      <trkpt lat="1.80917" lon="103.84996">
        <ele>31.69</ele>
      </trkpt>
      <trkpt lat="1.8092" lon="103.8499">
        <ele>31.88</ele>
      </trkpt>
      <trkpt lat="1.8092" lon="103.84986">
        <ele>31.26</ele>
      </trkpt>
      <trkpt lat="1.80923" lon="103.84978">
        <ele>30.37</ele>
      </trkpt>
      <trkpt lat="1.80923" lon="103.84974">
        <ele>29.58</ele>
      </trkpt>
      <trkpt lat="1.80926" lon="103.84959">
        <ele>28.22</ele>
      </trkpt>
      <trkpt lat="1.80928" lon="103.84949">
        <ele>27.21</ele>
      </trkpt>
      <trkpt lat="1.80928" lon="103.84942">
        <ele>26.89</ele>
      </trkpt>
      <trkpt lat="1.80928" lon="103.8493">
        <ele>27.43</ele>
      </trkpt>
      <trkpt lat="1.80927" lon="103.84909">
        <ele>27.03</ele>
      </trkpt>
      <trkpt lat="1.80912" lon="103.84881">
        <ele>23.05</ele>
      </trkpt>
      <trkpt lat="1.80902" lon="103.84863">
        <ele>23.12</ele>
      </trkpt>
      <trkpt lat="1.80903" lon="103.84865">
        <ele>23.12</ele>
      </trkpt>
    </trkseg>
  </trk>
</gpx>
